Column1,Column2,Column3,Column4
235,20100331,19,11
235,20100401,49,13
235,20100402,13,20
235,20100403,20,14
235,20100404,16,12
235,20100405,-1,15
235,20100406,0,25
235,20100407,0,24
235,20100408,0,24
235,20100409,0,27
235,20100410,0,26
235,20100411,0,13
235,20100412,0,29
235,20100413,0,27
235,20100414,0,30
235,20100415,0,30
235,20100416,0,27
235,20100417,0,29
235,20100418,0,31
235,20100419,0,25
235,20100420,4,28
235,20100421,-1,27
235,20100422,-1,25
235,20100423,0,32
235,20100424,0,29
235,20100425,3,27
235,20100426,0,30
235,20100427,0,35
235,20100428,0,31
235,20100429,15,32
235,20100430,27,28
235,20100501,14,24
235,20100502,214,6
235,20100503,77,7
235,20100504,2,23
235,20100505,0,32
235,20100506,0,31
235,20100507,52,9
235,20100508,2,9
235,20100509,0,24
235,20100510,-1,27
235,20100511,0,33
235,20100512,21,6
235,20100513,0,7
235,20100514,0,36
235,20100515,0,30
235,20100516,0,29
235,20100517,0,33
235,20100518,0,38
235,20100519,0,43
235,20100520,0,38
235,20100521,0,42
235,20100522,0,36
235,20100523,0,43
235,20100524,0,37
235,20100525,0,37
235,20100526,0,24
235,20100527,0,15
235,20100528,0,41
235,20100529,69,28
235,20100530,46,19
235,20100531,-1,26
235,20100601,0,28
235,20100602,0,48
235,20100603,0,49
235,20100604,0,49
235,20100605,0,47
235,20100606,31,14
235,20100607,1,13
235,20100608,59,28
235,20100609,120,12
235,20100610,117,10
235,20100611,52,9
235,20100612,0,35
235,20100613,0,23
235,20100614,0,32
235,20100615,0,33
235,20100616,0,47
235,20100617,0,49
235,20100618,-1,18
235,20100619,37,29
235,20100620,-1,16
235,20100621,0,40
235,20100622,0,43
235,20100623,0,49
235,20100624,0,46
235,20100625,0,48
235,20100626,0,52
235,20100627,0,53
235,20100628,0,52
235,20100629,4,31
235,20100630,0,26
235,20100701,0,41
235,20100702,21,53
235,20100703,47,27
235,20100704,0,51
235,20100705,0,43
235,20100706,0,47
235,20100707,0,32
235,20100708,0,42
235,20100709,0,48
235,20100710,115,51
235,20100711,0,41
235,20100712,62,17
235,20100713,10,29
235,20100714,136,40
235,20100715,32,33
235,20100716,4,26
235,20100717,25,32
235,20100718,0,43
235,20100719,0,47
235,20100720,0,35
235,20100721,-1,31
235,20100722,0,34
235,20100723,5,45
235,20100724,0,44
235,20100725,0,31
235,20100726,8,31
235,20100727,40,28
235,20100728,22,36
235,20100729,12,27
235,20100730,-1,41
235,20100731,117,7
235,20100801,0,36
235,20100802,0,33
235,20100803,0,33
235,20100804,158,16
235,20100805,0,37
235,20100806,0,41
235,20100807,70,9
235,20100808,0,32
235,20100809,0,35
235,20100810,146,11
235,20100811,6,39
235,20100812,14,25
235,20100813,2,36
235,20100814,0,38
235,20100815,53,20
235,20100816,114,30
235,20100817,139,5
235,20100818,0,27
235,20100819,0,35
235,20100820,0,34
235,20100821,0,26
235,20100822,0,17
235,20100823,108,22
235,20100824,75,29
235,20100825,21,27
235,20100826,256,4
235,20100827,142,16
235,20100828,61,24
235,20100829,192,14
235,20100830,44,23
235,20100831,0,26
235,20100901,0,27
235,20100902,6,12
235,20100903,0,27
235,20100904,0,23
235,20100905,0,31
235,20100906,0,31
235,20100907,95,5
235,20100908,45,8
235,20100909,12,22
235,20100910,76,13
235,20100911,0,19
235,20100912,11,18
235,20100913,28,21
235,20100914,200,6
235,20100915,83,17
235,20100916,28,13
235,20100917,16,18
235,20100918,38,21
235,20100919,17,5
235,20100920,25,13
235,20100921,0,22
235,20100922,0,22
235,20100923,43,5
235,20100924,7,20
235,20100925,111,18
235,20100926,0,12
235,20100927,35,2
235,20100928,0,4
235,20100929,0,18
235,20100930,47,3
235,20101001,18,18
235,20101002,50,14
235,20101003,2,20
235,20101004,0,11
235,20101005,0,14
235,20101006,34,5
235,20101007,0,16
235,20101008,0,8
235,20101009,0,15
235,20101010,0,18
235,20101011,0,18
235,20101012,0,13
235,20101013,-1,6
235,20101014,1,5
235,20101015,163,4
235,20101016,15,11
235,20101017,0,14
235,20101018,7,5
235,20101019,84,9
235,20101020,27,8
235,20101021,9,9
235,20101022,-1,11
235,20101023,61,2
235,20101024,39,10
235,20101025,8,11
235,20101026,5,3
235,20101027,19,2
235,20101028,-1,6
235,20101029,0,4
235,20101030,0,7
235,20101031,3,3
235,20101101,0,4
235,20101102,16,3
235,20101103,74,8
235,20101104,27,2
235,20101105,101,5
235,20101106,46,6
235,20101107,-1,5
235,20101108,0,3
235,20101109,-1,3
235,20101110,6,5
235,20101111,98,1
235,20101112,0,6
235,20101113,0,3
235,20101114,169,2
235,20101115,0,6
235,20101116,0,7
235,20101117,0,4
235,20101118,8,2
235,20101119,-1,4
235,20101120,58,5
235,20101121,0,4
235,20101122,5,4
235,20101123,18,4
235,20101124,17,2
235,20101125,1,3
235,20101126,0,4
235,20101127,-1,1
235,20101128,0,3
235,20101129,11,1
235,20101130,-1,3
235,20101201,0,3
235,20101202,9,1
235,20101203,131,1
235,20101204,22,1
235,20101205,32,4
235,20101206,13,4
235,20101207,0,2
235,20101208,2,2
235,20101209,35,3
235,20101210,1,2
235,20101211,4,2
235,20101212,-1,2
235,20101213,5,2
235,20101214,-1,2
235,20101215,33,3
235,20101216,112,0
235,20101217,53,1
235,20101218,-1,1
235,20101219,0,1
235,20101220,-1,3
235,20101221,0,2
235,20101222,0,1
235,20101223,-1,1
235,20101224,0,2
235,20101225,1,2
235,20101226,4,3
235,20101227,0,2
235,20101228,2,1
235,20101229,-1,1
235,20101230,3,1
235,20101231,3,2
235,20110101,4,2
235,20110102,4,3
235,20110103,-1,3
235,20110104,-1,2
235,20110105,28,2
235,20110106,49,1
235,20110107,47,1
235,20110108,19,1
235,20110109,0,4
235,20110110,0,3
235,20110111,27,1
235,20110112,50,1
235,20110113,41,1
235,20110114,43,2
235,20110115,14,1
235,20110116,0,6
235,20110117,50,1
235,20110118,0,2
235,20110119,11,3
235,20110120,0,6
235,20110121,7,3
235,20110122,2,3
235,20110123,6,1
235,20110124,1,4
235,20110125,6,5
235,20110126,-1,2
235,20110127,-1,5
235,20110128,0,6
235,20110129,0,5
235,20110130,0,5
235,20110131,0,2
235,20110201,10,2
235,20110202,16,2
235,20110203,-1,6
235,20110204,7,1
235,20110205,0,2
235,20110206,-1,5
235,20110207,0,3
235,20110208,0,8
235,20110209,0,6
235,20110210,34,2
235,20110211,10,2
235,20110212,65,1
235,20110213,0,6
235,20110214,18,3
235,20110215,7,8
235,20110216,11,8
235,20110217,0,7
235,20110218,0,2
235,20110219,0,4
235,20110220,0,6
235,20110221,0,10
235,20110222,0,8
235,20110223,49,3
235,20110224,6,4
235,20110225,4,4
235,20110226,73,2
235,20110227,117,2
235,20110228,4,3
235,20110301,0,3
235,20110302,0,8
235,20110303,0,8
235,20110304,0,7
235,20110305,0,10
235,20110306,0,9
235,20110307,0,15
235,20110308,0,16
235,20110309,-1,12
235,20110310,6,8
235,20110311,0,17
235,20110312,1,11
235,20110313,1,4
235,20110314,-1,9
235,20110315,0,7
235,20110316,0,13
235,20110317,-1,6
235,20110318,0,9
235,20110319,0,20
235,20110320,0,19
235,20110321,0,6
235,20110322,0,22
235,20110323,0,22
235,20110324,0,23
235,20110325,0,11
235,20110326,1,11
235,20110327,0,21
235,20110328,0,17
235,20110329,0,21
235,20110330,10,10
235,20110331,34,8
235,20110401,0,13
235,20110402,18,25
235,20110403,5,14
235,20110404,0,23
235,20110405,-1,6
235,20110406,0,19
235,20110407,0,21
235,20110408,0,27
235,20110409,0,26
235,20110410,0,27
235,20110411,53,28
235,20110412,0,24
235,20110413,0,27
235,20110414,0,19
235,20110415,0,28
235,20110416,0,16
235,20110417,0,30
235,20110418,0,33
235,20110419,0,35
235,20110420,0,36
235,20110421,0,35
235,20110422,0,36
235,20110423,0,36
235,20110424,0,36
235,20110425,0,40
235,20110426,0,33
235,20110427,-1,31
235,20110428,-1,26
235,20110429,0,35
235,20110430,0,37
235,20110501,0,40
235,20110502,0,36
235,20110503,0,37
235,20110504,0,31
235,20110505,0,34
235,20110506,0,36
235,20110507,0,41
235,20110508,-1,37
235,20110509,6,18
235,20110510,7,36
235,20110511,0,41
235,20110512,0,39
235,20110513,0,40
235,20110514,-1,31
235,20110515,1,32
235,20110516,16,11
235,20110517,9,19
235,20110518,4,18
235,20110519,1,42
235,20110520,0,39
235,20110521,0,45
235,20110522,6,30
235,20110523,5,45
235,20110524,1,41
235,20110525,0,45
235,20110526,27,26
235,20110527,6,19
235,20110528,40,14
235,20110529,1,16
235,20110530,22,42
235,20110531,7,29
235,20110601,0,47
235,20110602,0,48
235,20110603,0,50
235,20110604,0,49
235,20110605,28,15
235,20110606,-1,23
235,20110607,17,43
235,20110608,48,35
235,20110609,0,48
235,20110610,49,37
235,20110611,3,36
235,20110612,3,40
235,20110613,12,12
235,20110614,0,48
235,20110615,0,37
235,20110616,141,20
235,20110617,6,29
235,20110618,49,29
235,20110619,35,18
235,20110620,0,43
235,20110621,8,32
235,20110622,7,21
235,20110623,20,35
235,20110624,45,38
235,20110625,45,8
235,20110626,-1,51
235,20110627,0,56
235,20110628,346,30
235,20110629,34,32
235,20110630,-1,45
235,20110701,-1,42
235,20110702,-1,31
235,20110703,0,43
235,20110704,0,42
235,20110705,0,45
235,20110706,1,38
235,20110707,8,42
235,20110708,10,34
235,20110709,70,34
235,20110710,0,40
235,20110711,0,39
235,20110712,45,30
235,20110713,160,8
235,20110714,523,4
235,20110715,20,43
235,20110716,64,13
235,20110717,132,36
235,20110718,258,17
235,20110719,49,35
235,20110720,0,45
235,20110721,0,26
235,20110722,2,27
235,20110723,158,15
235,20110724,216,7
235,20110725,37,10
235,20110726,9,18
235,20110727,-1,41
235,20110728,0,43
235,20110729,-1,25
235,20110730,-1,13
235,20110731,-1,19
235,20110801,0,45
235,20110802,-1,38
235,20110803,7,10
235,20110804,41,33
235,20110805,0,32
235,20110806,116,16
235,20110807,10,37
235,20110808,116,27
235,20110809,5,26
235,20110810,76,14
235,20110811,100,10
235,20110812,2,31
235,20110813,9,13
235,20110814,0,31
235,20110815,0,40
235,20110816,42,31
235,20110817,1,29
235,20110818,146,17
235,20110819,0,36
235,20110820,-1,30
235,20110821,-1,29
235,20110822,-1,23
235,20110823,37,13
235,20110824,68,9
235,20110825,32,27
235,20110826,72,12
235,20110827,168,15
235,20110828,73,25
235,20110829,6,18
235,20110830,7,25
235,20110831,1,22
235,20110901,-1,27
235,20110902,0,29
235,20110903,0,32
235,20110904,10,14
235,20110905,121,24
235,20110906,131,4
235,20110907,33,17
235,20110908,12,12
235,20110909,-1,14
235,20110910,107,18
235,20110911,2,19
235,20110912,26,13
235,20110913,52,21
235,20110914,14,12
235,20110915,0,20
235,20110916,1,19
235,20110917,297,10
235,20110918,61,11
235,20110919,9,20
235,20110920,0,15
235,20110921,84,4
235,20110922,-1,17
235,20110923,0,23
235,20110924,0,20
235,20110925,0,17
235,20110926,6,13
235,20110927,13,16
235,20110928,0,23
235,20110929,0,23
235,20110930,0,23
235,20111001,0,21
235,20111002,0,21
235,20111003,0,16
235,20111004,-1,14
235,20111005,2,9
235,20111006,131,10
235,20111007,92,10
235,20111008,23,13
235,20111009,39,4
235,20111010,52,7
235,20111011,28,3
235,20111012,131,4
235,20111013,0,14
235,20111014,0,15
235,20111015,0,15
235,20111016,0,15
235,20111017,-1,14
235,20111018,121,11
235,20111019,8,6
235,20111020,37,9
235,20111021,0,8
235,20111022,0,12
235,20111023,0,12
235,20111024,0,12
235,20111025,41,3
235,20111026,1,8
235,20111027,0,6
235,20111028,1,4
235,20111029,0,4
235,20111030,-1,5
235,20111031,-1,8
235,20111101,2,9
235,20111102,-1,4
235,20111103,-1,3
235,20111104,-1,9
235,20111105,4,6
235,20111106,0,3
235,20111107,0,2
235,20111108,0,2
235,20111109,0,4
235,20111110,0,3
235,20111111,0,2
235,20111112,0,6
235,20111113,0,7
235,20111114,0,4
235,20111115,0,2
235,20111116,0,6
235,20111117,0,1
235,20111118,0,5
235,20111119,0,4
235,20111120,0,3
235,20111121,0,2
235,20111122,66,2
235,20111123,1,4
235,20111124,0,4
235,20111125,18,4
235,20111126,-1,3
235,20111127,-1,3
235,20111128,0,5
235,20111129,11,3
235,20111130,0,5
235,20111201,200,2
235,20111202,31,4
235,20111203,111,3
235,20111204,33,2
235,20111205,24,3
235,20111206,41,2
235,20111207,39,2
235,20111208,104,1
235,20111209,36,2
235,20111210,3,4
235,20111211,2,1
235,20111212,27,3
235,20111213,150,3
235,20111214,24,1
235,20111215,100,1
235,20111216,58,1
235,20111217,19,3
235,20111218,22,2
235,20111219,86,2
235,20111220,23,2
235,20111221,3,1
235,20111222,7,2
235,20111223,33,1
235,20111224,22,3
235,20111225,-1,3
235,20111226,0,4
235,20111227,0,1
235,20111228,0,1
235,20111229,15,1
235,20111230,22,3
235,20111231,24,1
235,20120101,180,2
235,20120102,-1,4
235,20120103,186,1
235,20120104,42,3
235,20120105,41,2
235,20120106,6,4
235,20120107,18,2
235,20120108,-1,2
235,20120109,11,1
235,20120110,0,3
235,20120111,8,3
235,20120112,8,2
235,20120113,8,4
235,20120114,-1,4
235,20120115,0,4
235,20120116,0,5
235,20120117,0,5
235,20120118,34,1
235,20120119,33,3
235,20120120,7,4
235,20120121,53,3
235,20120122,17,3
235,20120123,-1,5
235,20120124,2,3
235,20120125,-1,2
235,20120126,33,1
235,20120127,1,5
235,20120128,0,3
235,20120129,-1,2
235,20120130,3,1
235,20120131,0,5
235,20120201,0,6
235,20120202,0,6
235,20120203,51,3
235,20120204,0,5
235,20120205,0,4
235,20120206,0,6
235,20120207,0,6
235,20120208,0,3
235,20120209,0,2
235,20120210,0,7
235,20120211,0,6
235,20120212,5,2
235,20120213,26,4
235,20120214,6,5
235,20120215,8,6
235,20120216,7,5
235,20120217,4,9
235,20120218,37,6
235,20120219,-1,10
235,20120220,0,10
235,20120221,10,9
235,20120222,19,6
235,20120223,0,7
235,20120224,1,8
235,20120225,0,13
235,20120226,-1,7
235,20120227,1,5
235,20120228,-1,3
235,20120229,0,4
235,20120301,0,5
235,20120302,0,7
235,20120303,5,4
235,20120304,6,7
235,20120305,20,4
235,20120306,0,7
235,20120307,119,2
235,20120308,0,16
235,20120309,0,10
235,20120310,1,12
235,20120311,0,18
235,20120312,0,13
235,20120313,0,3
235,20120314,0,5
235,20120315,0,19
235,20120316,0,5
235,20120317,6,14
235,20120318,19,7
235,20120319,0,20
235,20120320,0,18
235,20120321,0,21
235,20120322,0,22
235,20120323,0,23
235,20120324,0,21
235,20120325,0,21
235,20120326,0,23
235,20120327,0,20
235,20120328,0,25
235,20120329,0,14
235,20120330,0,12
235,20120331,-1,17
235,20120401,-1,18
235,20120402,0,16
235,20120403,-1,15
235,20120404,-1,5
235,20120405,0,22
235,20120406,6,15
235,20120407,-1,11
235,20120408,43,15
235,20120409,62,6
235,20120410,20,24
235,20120411,0,26
235,20120412,0,29
235,20120413,0,28
235,20120414,0,22
235,20120415,0,23
235,20120416,2,21
235,20120417,27,10
235,20120418,18,18
235,20120419,2,10
235,20120420,1,19
235,20120421,62,16
235,20120422,7,28
235,20120423,1,25
235,20120424,33,16
235,20120425,8,17
235,20120426,0,29
235,20120427,0,36
235,20120428,115,2
235,20120429,-1,10
235,20120430,0,36
235,20120501,9,20
235,20120502,0,31
235,20120503,75,7
235,20120504,10,7
235,20120505,4,21
235,20120506,0,27
235,20120507,0,31
235,20120508,69,12
235,20120509,4,22
235,20120510,119,15
235,20120511,0,34
235,20120512,0,33
235,20120513,0,38
235,20120514,48,18
235,20120515,45,24
235,20120516,8,36
235,20120517,0,37
235,20120518,9,20
235,20120519,-1,35
235,20120520,5,18
235,20120521,0,40
235,20120522,0,43
235,20120523,67,47
235,20120524,0,48
235,20120525,0,50
235,20120526,0,51
235,20120527,0,49
235,20120528,0,37
235,20120529,0,32
235,20120530,0,22
235,20120531,126,9
235,20120601,0,26
235,20120602,0,37
235,20120603,23,11
235,20120604,27,16
235,20120605,0,41
235,20120606,36,19
235,20120607,49,25
235,20120608,0,41
235,20120609,8,10
235,20120610,0,43
235,20120611,9,28
235,20120612,4,29
235,20120613,0,32
235,20120614,0,36
235,20120615,40,21
235,20120616,4,46
235,20120617,0,41
235,20120618,96,20
235,20120619,0,42
235,20120620,0,49
235,20120621,103,21
235,20120622,4,31
235,20120623,0,42
235,20120624,149,12
235,20120625,0,32
235,20120626,0,47
235,20120627,5,26
235,20120628,0,40
235,20120629,0,40
235,20120630,1,47
235,20120701,0,41
235,20120702,0,43
235,20120703,0,31
235,20120704,0,41
235,20120705,23,32
235,20120706,86,24
235,20120707,3,39
235,20120708,190,12
235,20120709,0,33
235,20120710,10,36
235,20120711,11,32
235,20120712,10,30
235,20120713,99,24
235,20120714,4,30
235,20120715,0,34
235,20120716,203,24
235,20120717,3,28
235,20120718,48,8
235,20120719,14,33
235,20120720,0,43
235,20120721,0,38
235,20120722,0,42
235,20120723,0,47
235,20120724,0,50
235,20120725,0,49
235,20120726,0,45
235,20120727,5,32
235,20120728,5,29
235,20120729,13,40
235,20120730,196,26
235,20120731,3,16
235,20120801,0,39
235,20120802,26,31
235,20120803,122,38
235,20120804,72,32
235,20120805,0,27
235,20120806,23,30
235,20120807,0,27
235,20120808,0,40
235,20120809,0,36
235,20120810,0,42
235,20120811,0,37
235,20120812,0,43
235,20120813,0,28
235,20120814,0,30
235,20120815,78,38
235,20120816,0,39
235,20120817,0,30
235,20120818,0,41
235,20120819,-1,35
235,20120820,0,20
235,20120821,0,26
235,20120822,0,29
235,20120823,0,32
235,20120824,23,21
235,20120825,97,19
235,20120826,36,21
235,20120827,0,23
235,20120828,14,26
235,20120829,0,27
235,20120830,204,18
235,20120831,191,19
235,20120901,0,30
235,20120902,0,18
235,20120903,0,30
235,20120904,0,31
235,20120905,0,20
235,20120906,0,25
235,20120907,0,24
235,20120908,0,33
235,20120909,0,32
235,20120910,0,24
235,20120911,7,16
235,20120912,89,16
235,20120913,35,21
235,20120914,9,12
235,20120915,0,21
235,20120916,0,12
235,20120917,-1,26
235,20120918,29,18
235,20120919,33,15
235,20120920,14,13
235,20120921,41,10
235,20120922,4,22
235,20120923,21,14
235,20120924,148,6
235,20120925,40,16
235,20120926,-1,18
235,20120927,93,10
235,20120928,61,20
235,20120929,5,18
235,20120930,0,18
235,20121001,33,3
235,20121002,3,14
235,20121003,256,9
235,20121004,23,11
235,20121005,183,8
235,20121006,113,14
235,20121007,0,18
235,20121008,0,11
235,20121009,0,11
235,20121010,0,9
235,20121011,0,16
235,20121012,171,4
235,20121013,102,5
235,20121014,98,4
235,20121015,56,11
235,20121016,12,8
235,20121017,6,4
235,20121018,32,3
235,20121019,40,11
235,20121020,0,4
235,20121021,42,2
235,20121022,0,7
235,20121023,0,6
235,20121024,20,4
235,20121025,1,5
235,20121026,7,7
235,20121027,55,8
235,20121028,16,8
235,20121029,130,5
235,20121030,28,7
235,20121031,0,6
235,20121101,145,3
235,20121102,47,4
235,20121103,74,3
235,20121104,70,3
235,20121105,26,7
235,20121106,40,5
235,20121107,0,4
235,20121108,2,5
235,20121109,-1,2
235,20121110,26,2
235,20121111,9,8
235,20121112,0,6
235,20121113,1,3
235,20121114,0,2
235,20121115,0,4
235,20121116,0,2
235,20121117,3,1
235,20121118,3,5
235,20121119,0,3
235,20121120,0,6
235,20121121,5,3
235,20121122,0,6
235,20121123,61,2
235,20121124,27,3
235,20121125,36,2
235,20121126,13,3
235,20121127,71,2
235,20121128,32,3
235,20121129,33,4
235,20121130,39,2
235,20121201,102,1
235,20121202,20,3
235,20121203,33,1
235,20121204,25,3
235,20121205,22,2
235,20121206,1,3
235,20121207,20,1
235,20121208,7,5
235,20121209,35,2
235,20121210,20,1
235,20121211,8,3
235,20121212,33,3
235,20121213,32,4
235,20121214,65,1
235,20121215,11,3
235,20121216,9,2
235,20121217,48,1
235,20121218,22,2
235,20121219,0,1
235,20121220,27,2
235,20121221,21,0
235,20121222,100,1
235,20121223,62,2
235,20121224,21,1
235,20121225,61,2
235,20121226,36,4
235,20121227,-1,2
235,20121228,11,1
235,20121229,-1,4
235,20121230,27,3
235,20121231,42,1
235,20130101,4,3
235,20130102,-1,4
235,20130103,-1,4
235,20130104,0,2
235,20130105,0,1
235,20130106,0,5
235,20130107,0,1
235,20130108,-1,2
235,20130109,47,1
235,20130110,19,3
235,20130111,14,1
235,20130112,0,2
235,20130113,1,4
235,20130114,0,4
235,20130115,0,2
235,20130116,-1,4
235,20130117,-1,4
235,20130118,2,3
235,20130119,0,1
235,20130120,10,2
235,20130121,32,2
235,20130122,2,3
235,20130123,0,2
235,20130124,0,2
235,20130125,0,6
235,20130126,4,1
235,20130127,73,2
235,20130128,32,7
235,20130129,21,4
235,20130130,65,5
235,20130131,42,6
235,20130201,15,2
235,20130202,24,7
235,20130203,17,3
235,20130204,12,8
235,20130205,50,5
235,20130206,17,7
235,20130207,39,5
235,20130208,-1,5
235,20130209,15,2
235,20130210,4,7
235,20130211,0,8
235,20130212,0,8
235,20130213,0,8
235,20130214,22,2
235,20130215,-1,8
235,20130216,-1,4
235,20130217,0,10
235,20130218,0,5
235,20130219,1,3
235,20130220,0,7
235,20130221,0,6
235,20130222,0,7
235,20130223,0,3
235,20130224,7,1
235,20130225,0,2
235,20130226,0,5
235,20130227,0,9
235,20130228,0,5
235,20130301,0,4
235,20130302,3,4
235,20130303,2,8
235,20130304,0,16
235,20130305,0,16
235,20130306,-1,7
235,20130307,1,7
235,20130308,1,5
235,20130309,108,2
235,20130310,-1,3
235,20130311,-1,9
235,20130312,0,15
235,20130313,32,17
235,20130314,4,14
235,20130315,23,6
235,20130316,34,10
235,20130317,3,10
235,20130318,49,12
235,20130319,0,8
235,20130320,-1,5
235,20130321,-1,15
235,20130322,0,9
235,20130323,0,13
235,20130324,0,15
235,20130325,0,18
235,20130326,0,19
235,20130327,0,20
235,20130328,3,11
235,20130329,3,14
235,20130330,1,15
235,20130331,-1,19
235,20130401,0,23
235,20130402,0,24
235,20130403,0,23
235,20130404,0,11
235,20130405,0,24
235,20130406,0,25
235,20130407,0,22
235,20130408,0,21
235,20130409,12,22
235,20130410,7,9
235,20130411,14,4
235,20130412,31,11
235,20130413,5,22
235,20130414,2,21
235,20130415,-1,24
235,20130416,0,18
235,20130417,14,17
235,20130418,0,31
235,20130419,-1,20
235,20130420,0,30
235,20130421,0,26
235,20130422,0,29
235,20130423,0,25
235,20130424,0,29
235,20130425,0,20
235,20130426,-1,8
235,20130427,0,30
235,20130428,0,32
235,20130429,15,32
235,20130430,0,31
235,20130501,0,37
235,20130502,0,24
235,20130503,0,38
235,20130504,0,35
235,20130505,0,39
235,20130506,0,40
235,20130507,-1,37
235,20130508,2,22
235,20130509,0,40
235,20130510,-1,26
235,20130511,42,22
235,20130512,9,23
235,20130513,37,20
235,20130514,2,30
235,20130515,1,24
235,20130516,41,10
235,20130517,4,7
235,20130518,-1,17
235,20130519,0,22
235,20130520,45,9
235,20130521,19,5
235,20130522,-1,29
235,20130523,19,32
235,20130524,78,18
235,20130525,41,19
235,20130526,4,22
235,20130527,0,46
235,20130528,0,47
235,20130529,25,30
235,20130530,0,16
235,20130531,0,41
235,20130601,0,20
235,20130602,0,46
235,20130603,0,30
235,20130604,0,45
235,20130605,0,47
235,20130606,0,46
235,20130607,0,46
235,20130608,0,28
235,20130609,0,16
235,20130610,0,14
235,20130611,0,33
235,20130612,59,25
235,20130613,9,30
235,20130614,0,37
235,20130615,61,35
235,20130616,0,38
235,20130617,0,34
235,20130618,0,38
235,20130619,-1,22
235,20130620,10,20
235,20130621,266,4
235,20130622,34,19
235,20130623,16,27
235,20130624,1,16
235,20130625,0,44
235,20130626,-1,38
235,20130627,6,21
235,20130628,78,15
235,20130629,-1,38
235,20130630,0,39
235,20130701,0,26
235,20130702,9,35
235,20130703,39,20
235,20130704,0,34
235,20130705,0,48
235,20130706,0,51
235,20130707,0,51
235,20130708,0,48
235,20130709,0,49
235,20130710,-1,21
235,20130711,0,23
235,20130712,-1,17
235,20130713,0,25
235,20130714,0,38
235,20130715,0,49
235,20130716,0,39
235,20130717,0,47
235,20130718,0,47
235,20130719,0,49
235,20130720,0,25
235,20130721,0,52
235,20130722,0,50
235,20130723,0,49
235,20130724,-1,25
235,20130725,4,36
235,20130726,22,22
235,20130727,63,19
235,20130728,26,38
235,20130729,1,44
235,20130730,135,22
235,20130731,1,27
235,20130801,0,46
235,20130802,0,41
235,20130803,0,46
235,20130804,0,44
235,20130805,8,39
235,20130806,0,34
235,20130807,25,14
235,20130808,0,42
235,20130809,15,24
235,20130810,0,30
235,20130811,78,32
235,20130812,0,32
235,20130813,2,33
235,20130814,0,41
235,20130815,22,23
235,20130816,3,25
235,20130817,9,26
235,20130818,8,27
235,20130819,148,28
235,20130820,0,33
235,20130821,0,33
235,20130822,0,20
235,20130823,0,37
235,20130824,4,27
235,20130825,-1,30
235,20130826,0,39
235,20130827,0,38
235,20130828,0,33
235,20130829,0,31
235,20130830,0,27
235,20130831,-1,30
235,20130901,0,14
235,20130902,0,15
235,20130903,0,29
235,20130904,0,32
235,20130905,0,35
235,20130906,3,23
235,20130907,-1,9
235,20130908,88,22
235,20130909,27,19
235,20130910,409,13
235,20130911,38,25
235,20130912,70,11
235,20130913,33,8
235,20130914,188,7
235,20130915,247,16
235,20130916,44,19
235,20130917,21,16
235,20130918,-1,21
235,20130919,76,10
235,20130920,2,15
235,20130921,-1,10
235,20130922,0,20
235,20130923,0,11
235,20130924,0,9
235,20130925,0,8
235,20130926,-1,17
235,20130927,0,23
235,20130928,0,23
235,20130929,0,22
235,20130930,0,20
235,20131001,0,21
235,20131002,0,16
235,20131003,1,18
235,20131004,62,12
235,20131005,0,12
235,20131006,0,18
235,20131007,0,18
235,20131008,-1,15
235,20131009,7,7
235,20131010,96,8
235,20131011,37,1
235,20131012,56,8
235,20131013,124,2
235,20131014,52,3
235,20131015,108,7
235,20131016,13,7
235,20131017,-1,8
235,20131018,0,9
235,20131019,27,6
235,20131020,17,8
235,20131021,-1,7
235,20131022,2,11
235,20131023,-1,9
235,20131024,0,14
235,20131025,-1,3
235,20131026,0,8
235,20131027,116,8
235,20131028,96,5
235,20131029,28,7
235,20131030,0,11
235,20131031,41,3
235,20131101,187,4
235,20131102,7,3
235,20131103,11,8
235,20131104,104,5
235,20131105,36,2
235,20131106,45,3
235,20131107,2,7
235,20131108,0,4
235,20131109,171,5
235,20131110,92,6
235,20131111,5,4
235,20131112,29,2
235,20131113,0,7
235,20131114,89,3
235,20131115,0,6
235,20131116,0,6
235,20131117,0,3
235,20131118,5,2
235,20131119,49,3
235,20131120,9,3
235,20131121,-1,6
235,20131122,4,2
235,20131123,4,6
235,20131124,-1,2
235,20131125,17,4
235,20131126,-1,3
235,20131127,2,1
235,20131128,1,3
235,20131129,38,1
235,20131130,7,4
235,20131201,-1,2
235,20131202,0,4
235,20131203,0,2
235,20131204,4,2
235,20131205,32,0
235,20131206,15,3
235,20131207,15,1
235,20131208,-1,2
235,20131209,-1,3
235,20131210,0,5
235,20131211,0,4
235,20131212,0,4
235,20131213,3,3
235,20131214,43,5
235,20131215,36,3
235,20131216,3,2
235,20131217,37,2
235,20131218,3,3
235,20131219,52,3
235,20131220,1,4
235,20131221,75,1
235,20131222,25,2
235,20131223,29,2
235,20131224,79,1
235,20131225,9,4
235,20131226,-1,2
235,20131227,54,1
235,20131228,0,4
235,20131229,0,4
235,20131230,23,2
235,20131231,30,2
235,20140101,34,2
235,20140102,30,2
235,20140103,9,3
235,20140104,9,3
235,20140105,7,4
235,20140106,19,4
235,20140107,-1,3
235,20140108,7,4
235,20140109,47,2
235,20140110,1,5
235,20140111,93,2
235,20140112,0,5
235,20140113,8,5
235,20140114,8,2
235,20140115,40,1
235,20140116,79,1
235,20140117,-1,3
235,20140118,-1,4
235,20140119,5,3
235,20140120,4,1
235,20140121,-1,1
235,20140122,35,3
235,20140123,160,1
235,20140124,6,3
235,20140125,72,2
235,20140126,74,3
235,20140127,57,3
235,20140128,-1,2
235,20140129,0,2
235,20140130,0,3
235,20140131,12,6
235,20140201,72,4
235,20140202,0,6
235,20140203,0,8
235,20140204,0,7
235,20140205,14,7
235,20140206,90,5
235,20140207,46,2
235,20140208,79,3
235,20140209,61,3
235,20140210,20,4
235,20140211,61,6
235,20140212,47,5
235,20140213,22,4
235,20140214,51,6
235,20140215,14,11
235,20140216,3,9
235,20140217,0,7
235,20140218,5,5
235,20140219,9,7
235,20140220,47,2
235,20140221,5,11
235,20140222,14,11
235,20140223,0,8
235,20140224,0,11
235,20140225,6,6
235,20140226,0,13
235,20140227,30,4
235,20140228,0,7
235,20140301,15,5
235,20140302,-1,14
235,20140303,7,4
235,20140304,-1,10
235,20140305,0,16
235,20140306,0,11
235,20140307,3,9
235,20140308,0,16
235,20140309,0,20
235,20140310,0,15
235,20140311,0,19
235,20140312,0,20
235,20140313,0,18
235,20140314,0,7
235,20140315,0,17
235,20140316,0,22
235,20140317,0,9
235,20140318,36,12
235,20140319,1,18
235,20140320,0,24
235,20140321,91,11
235,20140322,20,15
235,20140323,19,20
235,20140324,3,20
235,20140325,0,21
235,20140326,47,11
235,20140327,0,22
235,20140328,0,24
235,20140329,0,25
235,20140330,0,22
235,20140331,0,20
235,20140401,0,20
235,20140402,0,19
235,20140403,0,23
235,20140404,11,4
235,20140405,0,24
235,20140406,42,9
235,20140407,190,10
235,20140408,37,17
235,20140409,0,26
235,20140410,0,18
235,20140411,-1,26
235,20140412,0,21
235,20140413,0,25
235,20140414,6,21
235,20140415,-1,20
235,20140416,0,31
235,20140417,22,19
235,20140418,1,16
235,20140419,4,32
235,20140420,0,34
235,20140421,13,15
235,20140422,-1,30
235,20140423,-1,31
235,20140424,26,23
235,20140425,102,29
235,20140426,0,24
235,20140427,60,6
235,20140428,0,17
235,20140429,3,20
235,20140430,0,29
235,20140501,45,11
235,20140502,-1,20
235,20140503,0,33
235,20140504,0,24
235,20140505,0,33
235,20140506,0,28
235,20140507,1,28
235,20140508,113,12
235,20140509,28,20
235,20140510,63,12
235,20140511,26,17
235,20140512,13,27
235,20140513,0,38
235,20140514,0,33
235,20140515,0,40
235,20140516,0,41
235,20140517,0,43
235,20140518,0,47
235,20140519,0,48
235,20140520,23,35
235,20140521,57,22
235,20140522,19,43
235,20140523,0,30
235,20140524,0,31
235,20140525,0,41
235,20140526,37,26
235,20140527,95,22
235,20140528,144,8
235,20140529,10,15
235,20140530,0,46
235,20140531,0,47
235,20140601,0,32
235,20140602,0,45
235,20140603,0,42
235,20140604,114,18
235,20140605,149,25
235,20140606,0,51
235,20140607,0,36
235,20140608,88,39
235,20140609,0,45
235,20140610,22,34
235,20140611,0,50
235,20140612,0,51
235,20140613,0,46
235,20140614,0,36
235,20140615,0,32
235,20140616,2,25
235,20140617,0,24
235,20140618,1,25
235,20140619,7,15
235,20140620,5,27
235,20140621,0,34
235,20140622,0,45
235,20140623,0,42
235,20140624,17,21
235,20140625,-1,34
235,20140626,0,43
235,20140627,17,27
235,20140628,8,39
235,20140629,9,41
235,20140630,80,38
235,20140701,0,42
235,20140702,0,38
235,20140703,0,50
235,20140704,6,45
235,20140705,17,21
235,20140706,47,15
235,20140707,0,46
235,20140708,84,9
235,20140709,28,9
235,20140710,0,51
235,20140711,53,43
235,20140712,0,48
235,20140713,0,33
235,20140714,0,28
235,20140715,1,27
235,20140716,0,50
235,20140717,0,48
235,20140718,0,49
235,20140719,11,46
235,20140720,18,25
235,20140721,167,8
235,20140722,0,51
235,20140723,0,53
235,20140724,0,50
235,20140725,14,15
235,20140726,0,44
235,20140727,0,33
235,20140728,71,17
235,20140729,94,26
235,20140730,0,37
235,20140731,0,42
235,20140801,0,43
235,20140802,189,28
235,20140803,3,45
235,20140804,62,43
235,20140805,0,43
235,20140806,17,17
235,20140807,0,43
235,20140808,5,25
235,20140809,1,38
235,20140810,38,14
235,20140811,47,40
235,20140812,9,35
235,20140813,16,36
235,20140814,49,29
235,20140815,28,33
235,20140816,48,18
235,20140817,72,12
235,20140818,95,23
235,20140819,148,16
235,20140820,43,20
235,20140821,-1,30
235,20140822,160,18
235,20140823,187,21
235,20140824,15,27
235,20140825,19,11
235,20140826,1,33
235,20140827,0,36
235,20140828,11,18
235,20140829,0,33
235,20140830,22,26
235,20140831,0,30
235,20140901,-1,25
235,20140902,0,29
235,20140903,0,35
235,20140904,0,33
235,20140905,0,17
235,20140906,-1,9
235,20140907,0,24
235,20140908,0,31
235,20140909,-1,8
235,20140910,0,15
235,20140911,0,32
235,20140912,0,31
235,20140913,0,29
235,20140914,1,29
235,20140915,0,29
235,20140916,0,21
235,20140917,0,29
235,20140918,0,28
235,20140919,0,26
235,20140920,22,18
235,20140921,27,21
235,20140922,-1,19
235,20140923,0,10
235,20140924,61,10
235,20140925,1,12
235,20140926,0,13
235,20140927,0,21
235,20140928,0,15
235,20140929,9,12
235,20140930,-1,9
235,20141001,14,12
235,20141002,0,22
235,20141003,0,21
235,20141004,133,18
235,20141005,1,15
235,20141006,4,5
235,20141007,98,9
235,20141008,93,6
235,20141009,136,10
235,20141010,-1,16
235,20141011,14,6
235,20141012,5,11
235,20141013,75,7
235,20141014,42,3
235,20141015,47,7
235,20141016,43,12
235,20141017,5,14
235,20141018,-1,14
235,20141019,21,6
235,20141020,17,10
235,20141021,129,4
235,20141022,21,9
235,20141023,6,5
235,20141024,40,2
235,20141025,-1,9
235,20141026,0,6
235,20141027,0,9
235,20141028,0,3
235,20141029,58,4
235,20141030,1,4
235,20141031,0,8
235,20141101,0,10
235,20141102,43,10
235,20141103,218,3
235,20141104,37,6
235,20141105,0,4
235,20141106,0,7
235,20141107,7,3
235,20141108,5,8
235,20141109,-1,8
235,20141110,5,7
235,20141111,0,5
235,20141112,3,3
235,20141113,0,8
235,20141114,39,3
235,20141115,64,2
235,20141116,127,1
235,20141117,-1,5
235,20141118,0,2
235,20141119,0,2
235,20141120,0,2
235,20141121,0,6
235,20141122,2,3
235,20141123,86,4
235,20141124,15,4
235,20141125,0,4
235,20141126,2,3
235,20141127,7,2
235,20141128,0,3
235,20141129,0,3
235,20141130,-1,1
235,20141201,0,1
235,20141202,-1,1
235,20141203,-1,1
235,20141204,0,1
235,20141205,23,1
235,20141206,15,4
235,20141207,86,1
235,20141208,33,3
235,20141209,12,3
235,20141210,62,4
235,20141211,28,3
235,20141212,206,1
235,20141213,9,3
235,20141214,3,3
235,20141215,41,4
235,20141216,18,2
235,20141217,41,2
235,20141218,3,2
235,20141219,55,4
235,20141220,34,2
235,20141221,0,1
235,20141222,16,1
235,20141223,9,3
235,20141224,22,4
235,20141225,4,4
235,20141226,8,3
235,20141227,6,1
235,20141228,7,4
235,20141229,9,3
235,20141230,1,2
235,20141231,0,5
235,20150101,14,1
235,20150102,29,4
235,20150103,7,1
235,20150104,0,5
235,20150105,0,1
235,20150106,7,3
235,20150107,3,4
235,20150108,100,1
235,20150109,36,2
235,20150110,10,2
235,20150111,3,3
235,20150112,129,1
235,20150113,154,2
235,20150114,24,2
235,20150115,38,1
235,20150116,22,2
235,20150117,114,5
235,20150118,121,1
235,20150119,-1,4
235,20150120,13,4
235,20150121,0,4
235,20150122,0,4
235,20150123,0,6
235,20150124,86,6
235,20150125,3,2
235,20150126,4,2
235,20150127,2,6
235,20150128,54,1
235,20150129,49,3
235,20150130,64,5
235,20150131,8,6
235,20150201,12,6
235,20150202,39,6
235,20150203,5,7
235,20150204,7,7
235,20150205,5,5
235,20150206,0,8
235,20150207,-1,4
235,20150208,-1,8
235,20150209,3,4
235,20150210,0,2
235,20150211,0,1
235,20150212,0,1
235,20150213,-1,8
235,20150214,2,4
235,20150215,-1,5
235,20150216,0,4
235,20150217,1,10
235,20150218,0,11
235,20150219,18,5
235,20150220,116,3
235,20150221,56,7
235,20150222,45,11
235,20150223,24,11
235,20150224,23,11
235,20150225,9,5
235,20150226,81,4
235,20150227,0,13
235,20150228,2,10
235,20150301,36,15
235,20150302,9,11
235,20150303,54,6
235,20150304,3,9
235,20150305,0,13
235,20150306,0,9
235,20150307,0,13
235,20150308,7,15
235,20150309,13,15
235,20150310,0,19
235,20150311,0,17
235,20150312,0,19
235,20150313,0,17
235,20150314,0,4
235,20150315,0,6
235,20150316,0,16
235,20150317,0,17
235,20150318,0,6
235,20150319,0,18
235,20150320,8,5
235,20150321,13,9
235,20150322,0,16
235,20150323,0,12
235,20150324,7,13
235,20150325,66,6
235,20150326,30,6
235,20150327,11,15
235,20150328,24,5
235,20150329,55,6
235,20150330,44,21
235,20150331,63,19
235,20150401,3,17
235,20150402,5,21
235,20150403,1,16
235,20150404,17,15
235,20150405,0,26
235,20150406,-1,22
235,20150407,0,14
235,20150408,0,20
235,20150409,0,27
235,20150410,0,24
235,20150411,19,14
235,20150412,18,27
235,20150413,0,26
235,20150414,0,28
235,20150415,-1,32
235,20150416,-1,24
235,20150417,0,24
235,20150418,0,32
235,20150419,0,17
235,20150420,0,34
235,20150421,0,32
235,20150422,0,9
235,20150423,0,25
235,20150424,0,33
235,20150425,4,14
235,20150426,26,10
235,20150427,0,34
235,20150428,12,24
235,20150429,79,19
235,20150430,7,32
235,20150501,0,29
235,20150502,0,32
235,20150503,43,10
235,20150504,7,32
235,20150505,73,34
235,20150506,10,33
235,20150507,1,33
235,20150508,-1,31
235,20150509,27,22
235,20150510,0,38
235,20150511,0,39
235,20150512,0,30
235,20150513,0,40
235,20150514,0,22
235,20150515,0,26
235,20150516,20,27
235,20150517,0,37
235,20150518,53,10
235,20150519,9,36
235,20150520,9,34
235,20150521,0,40
235,20150522,0,35
235,20150523,2,36
235,20150524,9,38
235,20150525,0,24
235,20150526,3,41
235,20150527,0,33
235,20150528,-1,35
235,20150529,30,18
235,20150530,19,39
235,20150531,64,10
235,20150601,2,39
235,20150602,13,9
235,20150603,0,43
235,20150604,0,48
235,20150605,64,35
235,20150606,0,48
235,20150607,0,45
235,20150608,0,43
235,20150609,0,18
235,20150610,0,42
235,20150611,0,50
235,20150612,0,52
235,20150613,5,8
235,20150614,9,7
235,20150615,0,43
235,20150616,1,38
235,20150617,57,28
235,20150618,1,34
235,20150619,32,26
235,20150620,9,22
235,20150621,31,26
235,20150622,5,34
235,20150623,5,11
235,20150624,0,39
235,20150625,-1,44
235,20150626,-1,27
235,20150627,0,45
235,20150628,12,17
235,20150629,0,47
235,20150630,0,54
235,20150701,0,56
235,20150702,96,43
235,20150703,0,51
235,20150704,0,48
235,20150705,40,27
235,20150706,0,48
235,20150707,-1,30
235,20150708,8,32
235,20150709,-1,40
235,20150710,0,48
235,20150711,-1,44
235,20150712,6,16
235,20150713,41,13
235,20150714,2,17
235,20150715,14,16
235,20150716,-1,52
235,20150717,0,43
235,20150718,0,48
235,20150719,10,25
235,20150720,3,31
235,20150721,0,50
235,20150722,-1,42
235,20150723,0,43
235,20150724,6,21
235,20150725,141,15
235,20150726,38,28
235,20150727,406,17
235,20150728,37,15
235,20150729,64,24
235,20150730,-1,34
235,20150731,0,38
235,20150801,0,38
235,20150802,0,41
235,20150803,0,46
235,20150804,70,25
235,20150805,0,39
235,20150806,0,42
235,20150807,0,42
235,20150808,0,44
235,20150809,0,41
235,20150810,0,30
235,20150811,3,21
235,20150812,-1,18
235,20150813,-1,42
235,20150814,184,28
235,20150815,17,19
235,20150816,58,16
235,20150817,367,3
235,20150818,38,8
235,20150819,4,32
235,20150820,0,38
235,20150821,0,35
235,20150822,0,37
235,20150823,3,39
235,20150824,150,21
235,20150825,32,25
235,20150826,168,21
235,20150827,16,12
235,20150828,0,34
235,20150829,-1,27
235,20150830,-1,30
235,20150831,199,9
235,20150901,1,22
235,20150902,1,28
235,20150903,396,14
235,20150904,111,11
235,20150905,69,22
235,20150906,18,16
235,20150907,17,20
235,20150908,4,14
235,20150909,0,29
235,20150910,0,27
235,20150911,0,29
235,20150912,1,9
235,20150913,7,18
235,20150914,183,10
235,20150915,116,13
235,20150916,58,5
235,20150917,46,12
235,20150918,21,20
235,20150919,1,23
235,20150920,-1,14
235,20150921,144,10
235,20150922,82,16
235,20150923,3,17
235,20150924,94,6
235,20150925,0,22
235,20150926,0,23
235,20150927,0,22
235,20150928,0,20
235,20150929,0,21
235,20150930,0,22
235,20151001,0,22
235,20151002,0,19
235,20151003,0,16
235,20151004,0,15
235,20151005,-1,11
235,20151006,15,8
235,20151007,20,9
235,20151008,55,8
235,20151009,1,13
235,20151010,0,14
235,20151011,0,16
235,20151012,0,13
235,20151013,2,14
235,20151014,5,4
235,20151015,100,3
235,20151016,59,2
235,20151017,5,4
235,20151018,25,4
235,20151019,-1,5
235,20151020,-1,8
235,20151021,20,4
235,20151022,10,6
235,20151023,0,6
235,20151024,3,5
235,20151025,0,10
235,20151026,0,10
235,20151027,0,10
235,20151028,5,6
235,20151029,0,8
235,20151030,0,8
235,20151031,0,9
235,20151101,0,4
235,20151102,0,5
235,20151103,-1,9
235,20151104,-1,4
235,20151105,99,4
235,20151106,75,4
235,20151107,13,3
235,20151108,13,7
235,20151109,49,3
235,20151110,17,4
235,20151111,6,3
235,20151112,0,7
235,20151113,26,6
235,20151114,129,3
235,20151115,69,2
235,20151116,4,3
235,20151117,58,2
235,20151118,28,5
235,20151119,2,3
235,20151120,51,3
235,20151121,108,3
235,20151122,32,3
235,20151123,16,3
235,20151124,186,1
235,20151125,29,5
235,20151126,7,5
235,20151127,6,1
235,20151128,133,4
235,20151129,8,2
235,20151130,156,1
235,20151201,10,2
235,20151202,0,2
235,20151203,1,3
235,20151204,38,5
235,20151205,0,1
235,20151206,0,3
235,20151207,6,2
235,20151208,56,3
235,20151209,0,5
235,20151210,15,2
235,20151211,38,2
235,20151212,135,3
235,20151213,-1,3
235,20151214,-1,2
235,20151215,1,3
235,20151216,30,2
235,20151217,8,3
235,20151218,4,4
235,20151219,0,3
235,20151220,3,2
235,20151221,43,3
235,20151222,51,1
235,20151223,23,5
235,20151224,3,2
235,20151225,25,3
235,20151226,0,3
235,20151227,15,1
235,20151228,0,4
235,20151229,8,2
235,20151230,0,4
235,20151231,16,3
235,20160101,3,4
235,20160102,11,1
235,20160103,84,2
235,20160104,40,1
235,20160105,3,1
235,20160106,7,1
235,20160107,70,1
235,20160108,27,4
235,20160109,-1,1
235,20160110,4,3
235,20160111,30,1
235,20160112,60,2
235,20160113,43,2
235,20160114,144,2
235,20160115,53,2
235,20160116,10,4
235,20160117,2,5
235,20160118,0,4
235,20160119,2,2
235,20160120,11,4
235,20160121,0,1
235,20160122,43,4
235,20160123,0,6
235,20160124,25,1
235,20160125,0,6
235,20160126,38,4
235,20160127,26,1
235,20160128,6,8
235,20160129,3,2
235,20160130,134,2
235,20160131,17,4
235,20160201,12,4
235,20160202,0,4
235,20160203,19,5
235,20160204,30,2
235,20160205,4,3
235,20160206,0,3
235,20160207,41,8
235,20160208,104,3
235,20160209,27,3
235,20160210,42,4
235,20160211,20,9
235,20160212,-1,3
235,20160213,0,4
235,20160214,35,2
235,20160215,8,7
235,20160216,0,10
235,20160217,0,9
235,20160218,16,3
235,20160219,11,10
235,20160220,51,3
235,20160221,12,3
235,20160222,12,3
235,20160223,30,10
235,20160224,45,6
235,20160225,10,11
235,20160226,6,4
235,20160227,0,13
235,20160228,1,12
235,20160229,0,13
235,20160301,76,2
235,20160302,77,9
235,20160303,-1,14
235,20160304,101,2
235,20160305,6,12
235,20160306,12,7
235,20160307,3,15
235,20160308,8,12
235,20160309,-1,10
235,20160310,0,16
235,20160311,0,4
235,20160312,0,17
235,20160313,0,17
235,20160314,0,17
235,20160315,0,7
235,20160316,0,19
235,20160317,0,20
235,20160318,-1,5
235,20160319,-1,10
235,20160320,2,7
235,20160321,-1,7
235,20160322,-1,10
235,20160323,9,8
235,20160324,11,8
235,20160325,44,12
235,20160326,-1,22
235,20160327,67,22
235,20160328,19,14
235,20160329,44,18
235,20160330,22,24
235,20160331,0,20
235,20160401,0,24
235,20160402,1,14
235,20160403,2,26
235,20160404,48,14
235,20160405,-1,13
235,20160406,40,12
235,20160407,5,19
235,20160408,9,22
235,20160409,0,17
235,20160410,23,29
235,20160411,0,32
235,20160412,5,28
235,20160413,0,25
235,20160414,1,22
235,20160415,25,9
235,20160416,16,11
235,20160417,3,27
235,20160418,2,22
235,20160419,0,29
235,20160420,0,31
235,20160421,0,32
235,20160422,-1,27
235,20160423,11,24
235,20160424,38,26
235,20160425,30,17
235,20160426,119,18
235,20160427,24,23
235,20160428,13,20
235,20160429,70,25
235,20160430,1,29
235,20160501,0,36
235,20160502,46,22
235,20160503,-1,38
235,20160504,0,36
235,20160505,0,42
235,20160506,0,43
235,20160507,0,47
235,20160508,0,48
235,20160509,0,48
235,20160510,0,30
235,20160511,0,41
235,20160512,0,46
235,20160513,0,41
235,20160514,17,27
235,20160515,2,32
235,20160516,6,31
235,20160517,0,35
235,20160518,56,20
235,20160519,0,35
235,20160520,12,20
235,20160521,1,28
235,20160522,105,15
235,20160523,155,10
235,20160524,-1,22
235,20160525,-1,15
235,20160526,0,41
235,20160527,0,43
235,20160528,-1,43
235,20160529,-1,31
235,20160530,62,19
235,20160531,0,44
235,20160601,-1,34
235,20160602,54,10
235,20160603,0,39
235,20160604,0,51
235,20160605,0,46
235,20160606,0,48
235,20160607,0,48
235,20160608,0,29
235,20160609,0,47
235,20160610,-1,36
235,20160611,11,24
235,20160612,1,25
235,20160613,74,17
235,20160614,0,22
235,20160615,61,28
235,20160616,22,47
235,20160617,-1,43
235,20160618,11,22
235,20160619,0,41
235,20160620,264,7
235,20160621,-1,41
235,20160622,-1,42
235,20160623,164,16
235,20160624,0,27
235,20160625,12,21
235,20160626,0,39
235,20160627,33,31
235,20160628,68,19
235,20160629,10,34
235,20160630,89,20
235,20160701,74,10
235,20160702,2,44
235,20160703,-1,47
235,20160704,0,49
235,20160705,4,19
235,20160706,-1,43
235,20160707,0,37
235,20160708,58,24
235,20160709,46,29
235,20160710,7,38
235,20160711,4,34
235,20160712,19,45
235,20160713,32,27
235,20160714,-1,35
235,20160715,-1,42
235,20160716,24,21
235,20160717,-1,50
235,20160718,0,50
235,20160719,0,52
235,20160720,0,50
235,20160721,0,45
235,20160722,0,33
235,20160723,0,24
235,20160724,0,39
235,20160725,1,27
235,20160726,0,44
235,20160727,38,19
235,20160728,3,19
235,20160729,6,28
235,20160730,36,37
235,20160731,-1,33
235,20160801,18,37
235,20160802,67,16
235,20160803,10,21
235,20160804,7,33
235,20160805,0,35
235,20160806,-1,36
235,20160807,0,26
235,20160808,-1,24
235,20160809,86,30
235,20160810,16,32
235,20160811,100,12
235,20160812,1,21
235,20160813,-1,21
235,20160814,0,31
235,20160815,-1,30
235,20160816,0,30
235,20160817,0,42
235,20160818,0,41
235,20160819,83,28
235,20160820,11,35
235,20160821,127,27
235,20160822,28,15
235,20160823,0,37
235,20160824,0,42
235,20160825,0,40
235,20160826,-1,31
235,20160827,4,35
235,20160828,25,24
235,20160829,-1,33
235,20160830,0,34
235,20160831,0,34
235,20160901,0,26
235,20160902,10,17
235,20160903,103,29
235,20160904,71,22
235,20160905,0,29
235,20160906,0,13
235,20160907,0,31
235,20160908,0,32
235,20160909,0,30
235,20160910,0,27
235,20160911,2,29
235,20160912,0,27
235,20160913,0,32
235,20160914,0,31
235,20160915,0,29
235,20160916,8,16
235,20160917,0,18
235,20160918,-1,25
235,20160919,11,14
235,20160920,-1,19
235,20160921,0,16
235,20160922,-1,12
235,20160923,39,21
235,20160924,0,23
235,20160925,2,21
235,20160926,1,13
235,20160927,2,23
235,20160928,0,21
235,20160929,25,5
235,20160930,22,19
235,20161001,99,15
235,20161002,320,8
235,20161003,26,21
235,20161004,0,20
235,20161005,0,19
235,20161006,0,17
235,20161007,0,12
235,20161008,-1,10
235,20161009,19,10
235,20161010,0,16
235,20161011,-1,12
235,20161012,0,11
235,20161013,0,4
235,20161014,31,8
235,20161015,75,5
235,20161016,-1,16
235,20161017,40,13
235,20161018,262,4
235,20161019,104,14
235,20161020,62,5
235,20161021,50,8
235,20161022,-1,13
235,20161023,25,6
235,20161024,0,5
235,20161025,0,10
235,20161026,-1,6
235,20161027,-1,11
235,20161028,-1,4
235,20161029,0,11
235,20161030,0,6
235,20161031,0,10
235,20161101,2,3
235,20161102,41,8
235,20161103,25,6
235,20161104,151,2
235,20161105,104,4
235,20161106,75,5
235,20161107,0,5
235,20161108,3,3
235,20161109,8,3
235,20161110,34,4
235,20161111,0,7
235,20161112,21,4
235,20161113,15,2
235,20161114,53,1
235,20161115,10,2
235,20161116,31,6
235,20161117,46,3
235,20161118,36,4
235,20161119,131,4
235,20161120,148,1
235,20161121,51,2
235,20161122,0,5
235,20161123,7,1
235,20161124,0,6
235,20161125,0,6
235,20161126,3,5
235,20161127,0,4
235,20161128,0,5
235,20161129,0,5
235,20161130,0,2
235,20161201,-1,3
235,20161202,12,3
235,20161203,0,3
235,20161204,0,3
235,20161205,0,4
235,20161206,0,4
235,20161207,0,2
235,20161208,55,2
235,20161209,0,1
235,20161210,96,1
235,20161211,17,2
235,20161212,0,2
235,20161213,8,2
235,20161214,5,1
235,20161215,0,1
235,20161216,0,3
235,20161217,0,1
235,20161218,0,3
235,20161219,0,4
235,20161220,0,1
235,20161221,5,1
235,20161222,3,4
235,20161223,5,2
235,20161224,-1,2
235,20161225,-1,1
235,20161226,2,4
235,20161227,28,4
235,20161228,0,4
235,20161229,0,1
235,20161230,0,3
235,20161231,0,2
235,20170101,26,1
235,20170102,18,3
235,20170103,4,1
235,20170104,28,3
235,20170105,2,4
235,20170106,6,3
235,20170107,16,1
235,20170108,-1,1
235,20170109,52,1
235,20170110,31,3
235,20170111,5,4
235,20170112,175,3
235,20170113,55,3
235,20170114,56,3
235,20170115,11,3
235,20170116,-1,5
235,20170117,0,3
235,20170118,-1,2
235,20170119,0,5
235,20170120,0,4
235,20170121,0,3
235,20170122,0,5
235,20170123,-1,2
235,20170124,1,5
235,20170125,0,2
235,20170126,0,5
235,20170127,0,5
235,20170128,0,4
235,20170129,81,4
235,20170130,23,3
235,20170131,0,2
235,20170201,13,3
235,20170202,11,6
235,20170203,-1,5
235,20170204,62,5
235,20170205,26,2
235,20170206,0,2
235,20170207,7,1
235,20170208,-1,1
235,20170209,0,2
235,20170210,-1,1
235,20170211,18,2
235,20170212,34,5
235,20170213,0,9
235,20170214,0,9
235,20170215,2,10
235,20170216,1,9
235,20170217,3,4
235,20170218,0,3
235,20170219,11,9
235,20170220,5,6
235,20170221,2,12
235,20170222,33,3
235,20170223,156,4
235,20170224,1,13
235,20170225,84,3
235,20170226,7,4
235,20170227,118,2
235,20170228,37,9
235,20170301,35,13
235,20170302,92,7
235,20170303,17,6
235,20170304,5,5
235,20170305,27,12
235,20170306,0,9
235,20170307,-1,9
235,20170308,50,3
235,20170309,3,13
235,20170310,0,15
235,20170311,0,10
235,20170312,0,17
235,20170313,0,14
235,20170314,0,15
235,20170315,0,19
235,20170316,0,20
235,20170317,84,13
235,20170318,13,9
235,20170319,42,12
235,20170320,38,6
235,20170321,0,22
235,20170322,0,22
235,20170323,0,22
235,20170324,0,23
235,20170325,0,24
235,20170326,0,24
235,20170327,0,25
235,20170328,0,23
235,20170329,5,11
235,20170330,0,22
235,20170331,3,20
235,20170401,1,12
235,20170402,0,24
235,20170403,0,15
235,20170404,0,26
235,20170405,0,23
235,20170406,-1,20
235,20170407,0,25
235,20170408,0,23
235,20170409,0,31
235,20170410,-1,24
235,20170411,0,27
235,20170412,22,10
235,20170413,0,26
235,20170414,31,16
235,20170415,25,22
235,20170416,6,27
235,20170417,10,28
235,20170418,17,27
235,20170419,0,21
235,20170420,0,23
235,20170421,5,13
235,20170422,5,27
235,20170423,6,25
235,20170424,43,14
235,20170425,10,26
235,20170426,9,25
235,20170427,25,22
235,20170428,1,29
235,20170429,0,30
235,20170430,0,37
235,20170501,27,10
235,20170502,11,17
235,20170503,5,17
235,20170504,5,14
235,20170505,-1,11
235,20170506,0,29
235,20170507,-1,30
235,20170508,1,28
235,20170509,0,25
235,20170510,0,28
235,20170511,0,41
235,20170512,22,19
235,20170513,6,29
235,20170514,-1,34
235,20170515,-1,34
235,20170516,-1,30
235,20170517,-1,38
235,20170518,16,29
235,20170519,18,16
235,20170520,0,41
235,20170521,0,44
235,20170522,0,45
235,20170523,0,41
235,20170524,0,37
235,20170525,0,48
235,20170526,0,52
235,20170527,0,52
235,20170528,0,49
235,20170529,25,36
235,20170530,0,25
235,20170531,0,48
235,20170601,0,50
235,20170602,0,49
235,20170603,14,35
235,20170604,0,49
235,20170605,-1,43
235,20170606,32,21
235,20170607,6,12
235,20170608,15,25
235,20170609,294,29
235,20170610,0,33
235,20170611,-1,42
235,20170612,0,38
235,20170613,0,44
235,20170614,0,50
235,20170615,0,45
235,20170616,0,45
235,20170617,0,37
235,20170618,0,54
235,20170619,0,55
235,20170620,0,36
235,20170621,0,49
235,20170622,14,32
235,20170623,-1,25
235,20170624,8,17
235,20170625,51,13
235,20170626,0,42
235,20170627,3,39
235,20170628,52,11
235,20170629,-1,25
235,20170630,49,21
235,20170701,16,23
235,20170702,3,40
235,20170703,0,34
235,20170704,0,40
235,20170705,-1,49
235,20170706,13,40
235,20170707,-1,36
235,20170708,-1,27
235,20170709,0,51
235,20170710,5,21
235,20170711,-1,35
235,20170712,64,26
235,20170713,0,35
235,20170714,2,27
235,20170715,4,37
235,20170716,6,18
235,20170717,0,47
235,20170718,0,48
235,20170719,-1,37
235,20170720,1,28
235,20170721,-1,26
235,20170722,-1,29
235,20170723,137,25
235,20170724,66,35
235,20170725,47,24
235,20170726,35,38
235,20170727,-1,31
235,20170728,58,35
235,20170729,124,35
235,20170730,11,31
235,20170731,1,41
235,20170801,0,33
235,20170802,37,29
235,20170803,40,34
235,20170804,53,35
235,20170805,1,34
235,20170806,0,44
235,20170807,0,39
235,20170808,81,12
235,20170809,-1,35
235,20170810,10,31
235,20170811,-1,32
235,20170812,54,22
235,20170813,25,39
235,20170814,0,34
235,20170815,4,13
235,20170816,0,25
235,20170817,24,10
235,20170818,12,25
235,20170819,87,27
235,20170820,-1,28
235,20170821,0,32
235,20170822,-1,33
235,20170823,0,30
235,20170824,0,34
235,20170825,0,34
235,20170826,-1,20
235,20170827,0,35
235,20170828,0,35
235,20170829,26,31
235,20170830,335,3
235,20170831,42,19
235,20170901,-1,32
235,20170902,19,25
235,20170903,0,31
235,20170904,0,31
235,20170905,16,15
235,20170906,20,13
235,20170907,25,20
235,20170908,167,10
235,20170909,111,21
235,20170910,124,22
235,20170911,183,18
235,20170912,99,14
235,20170913,94,14
235,20170914,84,8
235,20170915,220,19
235,20170916,118,19
235,20170917,119,12
235,20170918,85,23
235,20170919,8,18
235,20170920,0,20
235,20170921,-1,18
235,20170922,49,8
235,20170923,0,22
235,20170924,0,19
235,20170925,0,11
235,20170926,0,8
235,20170927,0,12
235,20170928,86,9
235,20170929,74,10
235,20170930,15,5
235,20171001,2,10
235,20171002,22,10
235,20171003,8,18
235,20171004,10,8
235,20171005,73,15
235,20171006,24,15
235,20171007,46,3
235,20171008,8,10
235,20171009,10,8
235,20171010,-1,5
235,20171011,46,7
235,20171012,0,14
235,20171013,0,9
235,20171014,0,16
235,20171015,0,16
235,20171016,-1,15
235,20171017,0,9
235,20171018,0,7
235,20171019,-1,10
235,20171020,241,6
235,20171021,22,9
235,20171022,107,6
235,20171023,4,8
235,20171024,37,4
235,20171025,-1,10
235,20171026,-1,7
235,20171027,14,11
235,20171028,2,3
235,20171029,11,9
235,20171030,8,9
235,20171031,2,4
235,20171101,3,8
235,20171102,-1,8
235,20171103,8,5
235,20171104,22,5
235,20171105,16,4
235,20171106,4,8
235,20171107,0,8
235,20171108,7,3
235,20171109,4,5
235,20171110,39,5
235,20171111,28,5
235,20171112,116,3
235,20171113,15,6
235,20171114,9,2
235,20171115,13,2
235,20171116,40,3
235,20171117,0,6
235,20171118,39,3
235,20171119,32,4
235,20171120,158,1
235,20171121,86,1
235,20171122,16,5
235,20171123,26,4
235,20171124,3,4
235,20171125,12,3
235,20171126,65,2
235,20171127,84,2
235,20171128,21,4
235,20171129,22,3
235,20171130,87,2
235,20171201,5,3
235,20171202,4,2
235,20171203,10,3
235,20171204,8,2
235,20171205,-1,1
235,20171206,0,1
235,20171207,96,1
235,20171208,120,1
235,20171209,88,1
235,20171210,50,1
235,20171211,30,1
235,20171212,34,3
235,20171213,163,1
235,20171214,25,3
235,20171215,15,1
235,20171216,20,3
235,20171217,36,4
235,20171218,5,3
235,20171219,0,2
235,20171220,6,1
235,20171221,3,2
235,20171222,-1,2
235,20171223,-1,1
235,20171224,0,2
235,20171225,-1,1
235,20171226,54,3
235,20171227,221,1
235,20171228,-1,3
235,20171229,34,1
235,20171230,62,1
235,20171231,51,1
235,20180101,9,3
235,20180102,44,2
235,20180103,132,1
235,20180104,11,2
235,20180105,43,2
235,20180106,8,2
235,20180107,0,5
235,20180108,0,4
235,20180109,0,2
235,20180110,15,1
235,20180111,-1,1
235,20180112,10,1
235,20180113,0,1
235,20180114,0,1
235,20180115,158,1
235,20180116,42,3
235,20180117,43,4
235,20180118,153,3
235,20180119,49,4
235,20180120,17,2
235,20180121,11,5
235,20180122,4,3
235,20180123,32,2
235,20180124,70,2
235,20180125,0,4
235,20180126,0,5
235,20180127,7,2
235,20180128,0,4
235,20180129,71,2
235,20180130,0,6
235,20180131,102,2
235,20180201,44,5
235,20180202,13,4
235,20180203,6,4
235,20180204,-1,4
235,20180205,0,5
235,20180206,0,7
235,20180207,0,6
235,20180208,13,7
235,20180209,8,4
235,20180210,6,7
235,20180211,45,8
235,20180212,24,9
235,20180213,10,10
235,20180214,-1,9
235,20180215,30,5
235,20180216,0,10
235,20180217,0,8
235,20180218,0,10
235,20180219,5,2
235,20180220,0,4
235,20180221,0,10
235,20180222,-1,11
235,20180223,0,9
235,20180224,0,11
235,20180225,-1,10
235,20180226,-1,9
235,20180227,-1,10
235,20180228,-1,8
235,20180301,0,7
235,20180302,0,10
235,20180303,0,6
235,20180304,44,10
235,20180305,-1,14
235,20180306,0,11
235,20180307,8,10
235,20180308,32,8
235,20180309,5,16
235,20180310,50,9
235,20180311,20,5
235,20180312,24,10
235,20180313,33,6
235,20180314,0,16
235,20180315,0,14
235,20180316,31,3
235,20180317,0,11
235,20180318,0,15
235,20180319,-1,18
235,20180320,7,20
235,20180321,-1,17
235,20180322,21,15
235,20180323,0,7
235,20180324,0,5
235,20180325,0,14
235,20180326,-1,14
235,20180327,18,9
235,20180328,84,5
235,20180329,1,20
235,20180330,14,16
235,20180331,3,13
235,20180401,192,9
235,20180402,68,7
235,20180403,111,13
235,20180404,24,10
235,20180405,8,17
235,20180406,0,25
235,20180407,0,29
235,20180408,0,21
235,20180409,1,11
235,20180410,0,21
235,20180411,0,23
235,20180412,-1,10
235,20180413,0,16
235,20180414,0,11
235,20180415,53,15
235,20180416,4,31
235,20180417,0,26
235,20180418,0,36
235,20180419,0,40
235,20180420,0,34
235,20180421,0,35
235,20180422,0,35
235,20180423,0,33
235,20180424,76,16
235,20180425,29,23
235,20180426,-1,30
235,20180427,3,17
235,20180428,11,16
235,20180429,87,9
235,20180430,216,4
235,20180501,24,25
235,20180502,28,30
235,20180503,0,37
235,20180504,0,38
235,20180505,0,42
235,20180506,0,45
235,20180507,0,47
235,20180508,0,47
235,20180509,0,41
235,20180510,14,19
235,20180511,0,38
235,20180512,0,37
235,20180513,57,14
235,20180514,0,45
235,20180515,0,46
235,20180516,-1,26
235,20180517,0,35
235,20180518,0,19
235,20180519,-1,15
235,20180520,0,44
235,20180521,0,50
235,20180522,0,48
235,20180523,0,34
235,20180524,-1,40
235,20180525,0,31
235,20180526,0,48
235,20180527,0,49
235,20180528,0,49
235,20180529,54,44
235,20180530,35,40
235,20180531,54,25
235,20180601,4,29
235,20180602,151,11
235,20180603,0,43
235,20180604,-1,13
235,20180605,-1,34
235,20180606,0,49
235,20180607,0,51
235,20180608,3,12
235,20180609,27,33
235,20180610,-1,28
235,20180611,0,44
235,20180612,-1,17
235,20180613,0,36
235,20180614,12,18
235,20180615,0,48
235,20180616,-1,27
235,20180617,0,32
235,20180618,6,22
235,20180619,0,28
235,20180620,3,23
235,20180621,-1,38
235,20180622,8,23
235,20180623,-1,35
235,20180624,-1,22
235,20180625,0,42
235,20180626,0,48
235,20180627,0,45
235,20180628,0,53
235,20180629,0,50
235,20180630,0,56
235,20180701,0,57
235,20180702,0,55
235,20180703,0,53
235,20180704,0,49
235,20180705,-1,27
235,20180706,0,41
235,20180707,0,48
235,20180708,0,51
235,20180709,1,18
235,20180710,-1,25
235,20180711,0,39
235,20180712,0,44
235,20180713,0,34
235,20180714,0,51
235,20180715,0,52
235,20180716,0,53
235,20180717,0,39
235,20180718,0,45
235,20180719,0,42
235,20180720,0,44
235,20180721,0,46
235,20180722,0,44
235,20180723,0,50
235,20180724,0,48
235,20180725,0,43
235,20180726,-1,48
235,20180727,8,49
235,20180728,112,29
235,20180729,5,25
235,20180730,3,26
235,20180731,38,38
235,20180801,0,44
235,20180802,0,47
235,20180803,0,48
235,20180804,0,34
235,20180805,0,45
235,20180806,0,47
235,20180807,8,45
235,20180808,16,25
235,20180809,149,13
235,20180810,74,27
235,20180811,5,38
235,20180812,-1,27
235,20180813,157,16
235,20180814,1,34
235,20180815,0,29
235,20180816,8,9
235,20180817,0,39
235,20180818,0,22
235,20180819,-1,11
235,20180820,11,22
235,20180821,0,30
235,20180822,0,28
235,20180823,87,14
235,20180824,53,25
235,20180825,91,25
235,20180826,38,20
235,20180827,30,17
235,20180828,0,17
235,20180829,36,11
235,20180830,0,31
235,20180831,9,22
235,20180901,0,27
235,20180902,0,34
235,20180903,-1,16
235,20180904,-1,28
235,20180905,23,9
235,20180906,56,7
235,20180907,79,22
235,20180908,7,19
235,20180909,2,22
235,20180910,0,15
235,20180911,15,10
235,20180912,58,11
235,20180913,0,26
235,20180914,3,10
235,20180915,8,25
235,20180916,-1,19
235,20180917,0,15
235,20180918,0,24
235,20180919,0,25
235,20180920,-1,16
235,20180921,63,18
235,20180922,53,12
235,20180923,44,4
235,20180924,28,19
235,20180925,-1,17
235,20180926,0,23
235,20180927,0,24
235,20180928,3,18
235,20180929,0,17
235,20180930,6,14
235,20181001,45,16
235,20181002,12,12
235,20181003,-1,20
235,20181004,1,10
235,20181005,0,20
235,20181006,21,16
235,20181007,0,17
235,20181008,0,11
235,20181009,0,15
235,20181010,0,19
235,20181011,-1,15
235,20181012,1,18
235,20181013,0,18
235,20181014,0,18
235,20181015,0,16
235,20181016,0,16
235,20181017,-1,15
235,20181018,0,12
235,20181019,0,12
235,20181020,0,8
235,20181021,2,7
235,20181022,-1,13
235,20181023,-1,4
235,20181024,8,10
235,20181025,5,5
235,20181026,69,5
235,20181027,41,10
235,20181028,-1,11
235,20181029,0,4
235,20181030,169,3
235,20181031,6,8
235,20181101,17,5
235,20181102,62,7
235,20181103,0,9
235,20181104,0,9
235,20181105,0,3
235,20181106,0,7
235,20181107,-1,5
235,20181108,-1,10
235,20181109,0,6
235,20181110,25,3
235,20181111,33,3
235,20181112,4,3
235,20181113,35,7
235,20181114,0,6
235,20181115,0,7
235,20181116,0,2
235,20181117,0,7
235,20181118,0,7
235,20181119,-1,5
235,20181120,7,1
235,20181121,0,3
235,20181122,0,1
235,20181123,-1,3
235,20181124,0,3
235,20181125,-1,2
235,20181126,0,2
235,20181127,0,2
235,20181128,22,1
235,20181129,47,2
235,20181130,-1,5
235,20181201,7,3
235,20181202,14,2
235,20181203,48,4
235,20181204,2,5
235,20181205,22,1
235,20181206,10,1
235,20181207,106,1
235,20181208,125,2
235,20181209,29,3
235,20181210,27,4
235,20181211,13,3
235,20181212,-1,2
235,20181213,0,3
235,20181214,0,4
235,20181215,5,1
235,20181216,19,1
235,20181217,22,1
235,20181218,0,2
235,20181219,9,1
235,20181220,178,2
235,20181221,91,2
235,20181222,101,3
235,20181223,87,1
235,20181224,-1,5
235,20181225,0,4
235,20181226,0,1
235,20181227,0,1
235,20181228,0,1
235,20181229,-1,1
235,20181230,-1,2
235,20181231,-1,3
235,20190101,-1,3
235,20190102,11,2
235,20190103,9,3
235,20190104,-1,1
235,20190105,-1,1
235,20190106,2,2
235,20190107,3,2
235,20190108,15,3
235,20190109,30,5
235,20190110,20,1
235,20190111,9,3
235,20190112,16,2
235,20190113,63,2
235,20190114,22,4
235,20190115,0,3
235,20190116,24,1
235,20190117,14,3
235,20190118,0,4
235,20190119,0,5
235,20190120,0,5
235,20190121,-1,2
235,20190122,6,1
235,20190123,0,1
235,20190124,-1,2
235,20190125,25,2
235,20190126,18,3
235,20190127,66,3
235,20190128,12,5
235,20190129,0,3
235,20190130,2,3
235,20190131,6,4
235,20190201,-1,2
235,20190202,8,2
235,20190203,-1,8
235,20190204,41,1
235,20190205,0,6
235,20190206,26,2
235,20190207,50,8
235,20190208,20,2
235,20190209,0,7
235,20190210,145,3
235,20190211,9,10
235,20190212,0,8
235,20190213,0,5
235,20190214,0,10
235,20190215,0,12
235,20190216,0,10
235,20190217,0,11
235,20190218,8,11
235,20190219,-1,6
235,20190220,0,9
235,20190221,8,4
235,20190222,0,5
235,20190223,0,14
235,20190224,0,14
235,20190225,0,14
235,20190226,0,15
235,20190227,0,16
235,20190228,0,9
235,20190301,1,5
235,20190302,1,11
235,20190303,48,3
235,20190304,87,7
235,20190305,0,15
235,20190306,61,4
235,20190307,173,12
235,20190308,40,14
235,20190309,22,12
235,20190310,145,3
235,20190311,11,10
235,20190312,96,4
235,20190313,5,7
235,20190314,82,8
235,20190315,7,13
235,20190316,35,6
235,20190317,42,17
235,20190318,3,17
235,20190319,0,19
235,20190320,0,10
235,20190321,0,8
235,20190322,0,11
235,20190323,0,16
235,20190324,-1,20
235,20190325,1,18
235,20190326,-1,10
235,20190327,0,25
235,20190328,-1,15
235,20190329,0,25
235,20190330,0,24
235,20190331,0,25
235,20190401,0,27
235,20190402,7,15
235,20190403,83,18
235,20190404,0,14
235,20190405,0,26
235,20190406,0,7
235,20190407,0,29
235,20190408,0,30
235,20190409,0,30
235,20190410,0,29
235,20190411,0,19
235,20190412,-1,26
235,20190413,2,22
235,20190414,0,28
235,20190415,0,31
235,20190416,0,31
235,20190417,-1,23
235,20190418,0,30
235,20190419,0,36
235,20190420,0,37
235,20190421,0,38
235,20190422,0,39
235,20190423,0,34
235,20190424,95,32
235,20190425,61,21
235,20190426,0,31
235,20190427,28,24
235,20190428,5,11
235,20190429,0,22
235,20190430,0,9
235,20190501,0,14
235,20190502,4,16
235,20190503,1,27
235,20190504,28,28
235,20190505,22,28
235,20190506,0,32
235,20190507,5,23
235,20190508,29,12
235,20190509,-1,40
235,20190510,0,35
235,20190511,0,39
235,20190512,-1,35
235,20190513,0,40
235,20190514,0,41
235,20190515,0,43
235,20190516,-1,33
235,20190517,-1,18
235,20190518,5,34
235,20190519,0,26
235,20190520,-1,17
235,20190521,0,10
235,20190522,0,34
235,20190523,0,43
235,20190524,0,44
235,20190525,0,41
235,20190526,154,18
235,20190527,1,34
235,20190528,0,29
235,20190529,0,44
235,20190530,21,35
235,20190531,0,43
235,20190601,-1,46
235,20190602,-1,48
235,20190603,0,29
235,20190604,103,33
235,20190605,199,12
235,20190606,100,42
235,20190607,48,25
235,20190608,236,11
235,20190609,0,45
235,20190610,68,33
235,20190611,92,27
235,20190612,130,17
235,20190613,60,28
235,20190614,10,29
235,20190615,330,28
235,20190616,0,46
235,20190617,0,45
235,20190618,0,47
235,20190619,4,29
235,20190620,24,30
235,20190621,0,48
235,20190622,0,52
235,20190623,0,52
235,20190624,0,48
235,20190625,0,49
235,20190626,0,35
235,20190627,-1,26
235,20190628,0,41
235,20190629,0,58
235,20190630,0,48
235,20190701,0,44
235,20190702,0,50
235,20190703,0,47
235,20190704,0,47
235,20190705,0,42
235,20190706,1,19
235,20190707,-1,31
235,20190708,18,31
235,20190709,0,45
235,20190710,56,10
235,20190711,10,23
235,20190712,244,22
235,20190713,1,23
235,20190714,8,25
235,20190715,-1,19
235,20190716,0,25
235,20190717,0,47
235,20190718,91,25
235,20190719,-1,37
235,20190720,50,22
235,20190721,0,47
235,20190722,0,41
235,20190723,0,52
235,20190724,0,48
235,20190725,0,50
235,20190726,-1,52
235,20190727,0,51
235,20190728,0,39
235,20190729,0,46
235,20190730,0,47
235,20190731,146,25
235,20190801,3,32
235,20190802,21,26
235,20190803,-1,27
235,20190804,0,30
235,20190805,1,34
235,20190806,0,41
235,20190807,19,40
235,20190808,0,44
235,20190809,50,12
235,20190810,6,33
235,20190811,0,29
235,20190812,36,30
235,20190813,98,25
235,20190814,34,21
235,20190815,78,22
235,20190816,17,27
235,20190817,113,33
235,20190818,1,24
235,20190819,10,33
235,20190820,65,34
235,20190821,0,36
235,20190822,0,39
235,20190823,0,37
235,20190824,0,40
235,20190825,0,40
235,20190826,0,40
235,20190827,0,39
235,20190828,-1,25
235,20190829,-1,30
235,20190830,0,30
235,20190831,0,34
235,20190901,-1,27
235,20190902,-1,32
235,20190903,-1,27
235,20190904,93,11
235,20190905,33,23
235,20190906,57,13
235,20190907,31,23
235,20190908,89,15
235,20190909,35,24
235,20190910,117,20
235,20190911,42,7
235,20190912,0,30
235,20190913,0,26
235,20190914,0,24
235,20190915,-1,18
235,20190916,59,13
235,20190917,-1,18
235,20190918,1,22
235,20190919,16,19
235,20190920,0,8
235,20190921,0,28
235,20190922,22,25
235,20190923,8,18
235,20190924,49,9
235,20190925,68,11
235,20190926,58,4
235,20190927,161,15
235,20190928,58,17
235,20190929,242,5
235,20190930,130,21
235,20191001,191,11
235,20191002,42,15
235,20191003,31,14
235,20191004,61,3
235,20191005,0,14
235,20191006,23,6
235,20191007,23,10
235,20191008,73,13
235,20191009,70,7
235,20191010,1,14
235,20191011,342,3
235,20191012,99,5
235,20191013,43,6
235,20191014,31,5
235,20191015,8,7
235,20191016,79,9
235,20191017,4,10
235,20191018,95,6
235,20191019,34,8
235,20191020,0,7
235,20191021,81,3
235,20191022,2,7
235,20191023,-1,7
235,20191024,27,8
235,20191025,11,6
235,20191026,42,6
235,20191027,-1,9
235,20191028,41,10
235,20191029,-1,12
235,20191030,0,11
235,20191031,0,10
235,20191101,40,2
235,20191102,40,6
235,20191103,24,6
235,20191104,7,5
235,20191105,106,4
235,20191106,2,8
235,20191107,130,2
235,20191108,2,8
235,20191109,172,6
235,20191110,-1,8
235,20191111,76,1
235,20191112,236,4
235,20191113,30,6
235,20191114,0,4
235,20191115,0,1
235,20191116,0,2
235,20191117,0,6
235,20191118,43,2
235,20191119,8,5
235,20191120,0,6
235,20191121,0,2
235,20191122,1,5
235,20191123,0,3
235,20191124,0,5
235,20191125,0,3
235,20191126,22,2
235,20191127,81,2
235,20191128,97,3
235,20191129,1,3
235,20191130,8,4
235,20191201,6,3
235,20191202,8,4
235,20191203,0,2
235,20191204,0,5
235,20191205,-1,3
235,20191206,79,1
235,20191207,0,2
235,20191208,32,3
235,20191209,55,2
235,20191210,1,4
235,20191211,25,3
235,20191212,12,4
235,20191213,31,1
235,20191214,21,2
235,20191215,10,3
235,20191216,29,2
235,20191217,47,1
235,20191218,3,3
235,20191219,11,2
235,20191220,12,1
235,20191221,1,2
235,20191222,45,2
235,20191223,-1,3
235,20191224,57,1
235,20191225,25,4
235,20191226,-1,2
235,20191227,0,4
235,20191228,0,2
235,20191229,0,2
235,20191230,0,4
235,20191231,0,3
235,20200101,0,1
235,20200102,2,1
235,20200103,113,1
235,20200104,5,2
235,20200105,0,1
235,20200106,23,1
235,20200107,1,4
235,20200108,1,2
235,20200109,29,2
235,20200110,5,3
235,20200111,0,3
235,20200112,21,2
235,20200113,22,3
235,20200114,60,3
235,20200115,28,1
235,20200116,0,6
235,20200117,18,2
235,20200118,5,4
235,20200119,4,5
235,20200120,0,3
235,20200121,0,3
235,20200122,5,2
235,20200123,2,1
235,20200124,13,1
235,20200125,1,1
235,20200126,11,2
235,20200127,81,3
235,20200128,67,2
235,20200129,2,4
235,20200130,-1,3
235,20200131,8,3
235,20200201,4,6
235,20200202,45,2
235,20200203,0,5
235,20200204,60,3
235,20200205,0,7
235,20200206,0,5
235,20200207,0,9
235,20200208,16,3
235,20200209,181,2
235,20200210,55,6
235,20200211,8,4
235,20200212,0,6
235,20200213,69,3
235,20200214,-1,6
235,20200215,1,5
235,20200216,166,2
235,20200217,36,9
235,20200218,20,9
235,20200219,15,6
235,20200220,89,6
235,20200221,2,7
235,20200222,17,4
235,20200223,225,4
235,20200224,133,1
235,20200225,1,9
235,20200226,42,7
235,20200227,42,3
235,20200228,131,6
235,20200229,34,7
235,20200301,6,13
235,20200302,45,3
235,20200303,0,15
235,20200304,5,13
235,20200305,6,7
235,20200306,1,8
235,20200307,0,14
235,20200308,4,10
235,20200309,21,12
235,20200310,64,4
235,20200311,0,19
235,20200312,9,17
235,20200313,3,17
235,20200314,1,15
235,20200315,-1,7
235,20200316,0,18
235,20200317,0,15
235,20200318,-1,9
235,20200319,4,9
235,20200320,0,10
235,20200321,0,21
235,20200322,0,23
235,20200323,0,23
235,20200324,0,23
235,20200325,0,24
235,20200326,0,24
235,20200327,0,23
235,20200328,-1,22
235,20200329,4,23
235,20200330,15,15
235,20200331,0,24
235,20200401,-1,18
235,20200402,12,20
235,20200403,2,18
235,20200404,0,28
235,20200405,0,33
235,20200406,28,25
235,20200407,0,30
235,20200408,0,30
235,20200409,0,29
235,20200410,0,27
235,20200411,0,32
235,20200412,0,28
235,20200413,-1,20
235,20200414,-1,22
235,20200415,0,31
235,20200416,0,33
235,20200417,0,32
235,20200418,0,30
235,20200419,0,36
235,20200420,0,37
235,20200421,0,38
235,20200422,0,39
235,20200423,0,39
235,20200424,0,35
235,20200425,0,17
235,20200426,0,34
235,20200427,0,33
235,20200428,35,5
235,20200429,76,14
235,20200430,25,34
235,20200501,149,28
235,20200502,5,24
235,20200503,0,31
235,20200504,0,36
235,20200505,0,38
235,20200506,0,40
235,20200507,0,39
235,20200508,0,39
235,20200509,0,44
235,20200510,0,23
235,20200511,3,33
235,20200512,-1,34
235,20200513,18,26
235,20200514,-1,24
235,20200515,0,32
235,20200516,0,31
235,20200517,0,43
235,20200518,0,37
235,20200519,0,39
235,20200520,0,47
235,20200521,0,48
235,20200522,12,26
235,20200523,8,44
235,20200524,13,17
235,20200525,0,46
235,20200526,0,47
235,20200527,0,47
235,20200528,0,47
235,20200529,0,49
235,20200530,0,51
235,20200531,0,50
235,20200601,0,37
235,20200602,0,48
235,20200603,0,37
235,20200604,29,12
235,20200605,195,18
235,20200606,51,24
235,20200607,47,28
235,20200608,-1,24
235,20200609,0,30
235,20200610,0,33
235,20200611,24,16
235,20200612,31,39
235,20200613,89,45
235,20200614,-1,37
235,20200615,-1,46
235,20200616,5,21
235,20200617,132,43
235,20200618,3,25
235,20200619,0,50
235,20200620,0,51
235,20200621,-1,32
235,20200622,0,52
235,20200623,0,53
235,20200624,0,53
235,20200625,0,58
235,20200626,1,57
235,20200627,133,26
235,20200628,-1,45
235,20200629,2,21
235,20200630,1,13
235,20200701,3,30
235,20200702,59,39
235,20200703,-1,28
235,20200704,69,8
235,20200705,4,39
235,20200706,19,34
235,20200707,29,29
235,20200708,49,23
235,20200709,283,8
235,20200710,72,31
235,20200711,0,45
235,20200712,0,47
235,20200713,-1,48
235,20200714,9,24
235,20200715,0,44
235,20200716,56,31
235,20200717,0,36
235,20200718,0,40
235,20200719,-1,23
235,20200720,0,46
235,20200721,0,44
235,20200722,-1,32
235,20200723,0,38
235,20200724,-1,38
235,20200725,84,15
235,20200726,13,44
235,20200727,35,17
235,20200728,-1,33
235,20200729,0,28
235,20200730,0,41
235,20200731,0,51
235,20200801,4,33
235,20200802,0,42
235,20200803,86,24
235,20200804,0,43
235,20200805,0,47
235,20200806,0,45
235,20200807,0,49
235,20200808,-1,33
235,20200809,0,43
235,20200810,0,46
235,20200811,0,45
235,20200812,0,45
235,20200813,0,44
235,20200814,395,30
235,20200815,-1,25
235,20200816,175,34
235,20200817,381,19
235,20200818,0,35
235,20200819,1,30
235,20200820,47,34
235,20200821,-1,41
235,20200822,0,35
235,20200823,4,26
235,20200824,28,30
235,20200825,63,9
235,20200826,57,13
235,20200827,45,15
235,20200828,120,24
235,20200829,160,22
235,20200830,6,14
235,20200831,2,22
235,20200901,0,15
235,20200902,0,33
235,20200903,229,5
235,20200904,-1,24
235,20200905,31,22
235,20200906,106,12
235,20200907,-1,26
235,20200908,-1,11
235,20200909,9,10
235,20200910,0,22
235,20200911,0,24
235,20200912,-1,21
235,20200913,0,27
235,20200914,0,29
235,20200915,0,29
235,20200916,0,24
235,20200917,0,28
235,20200918,0,29
235,20200919,0,27
235,20200920,0,28
235,20200921,0,27
235,20200922,0,24
235,20200923,36,16
235,20200924,83,12
235,20200925,84,13
235,20200926,26,12
235,20200927,48,8
235,20200928,5,4
235,20200929,12,18
235,20200930,-1,13
235,20201001,45,4
235,20201002,0,13
235,20201003,71,2
235,20201004,6,9
235,20201005,320,4
235,20201006,111,9
235,20201007,4,11
235,20201008,154,3
235,20201009,27,8
235,20201010,52,9
235,20201011,47,10
235,20201012,5,11
235,20201013,7,11
235,20201014,0,10
235,20201015,1,8
235,20201016,0,13
235,20201017,-1,10
235,20201018,10,9
235,20201019,-1,3
235,20201020,3,4
235,20201021,112,2
235,20201022,3,11
235,20201023,67,10
235,20201024,0,6
235,20201025,148,4
235,20201026,36,7
235,20201027,82,4
235,20201028,258,6
235,20201029,101,6
235,20201030,22,2
235,20201031,33,5
235,20201101,11,5
235,20201102,9,5
235,20201103,68,7
235,20201104,6,9
235,20201105,0,5
235,20201106,0,8
235,20201107,0,8
235,20201108,0,8
235,20201109,-1,8
235,20201110,-1,6
235,20201111,0,6
235,20201112,80,4
235,20201113,1,3
235,20201114,11,2
235,20201115,111,2
235,20201116,7,2
235,20201117,30,4
235,20201118,11,8
235,20201119,25,5
235,20201120,-1,4
235,20201121,16,1
235,20201122,8,4
235,20201123,-1,6
235,20201124,0,2
235,20201125,0,5
235,20201126,4,2
235,20201127,0,3
235,20201128,0,1
235,20201129,0,2
235,20201130,80,1
235,20201201,26,4
235,20201202,2,2
235,20201203,64,1
235,20201204,9,3
235,20201205,0,4
235,20201206,-1,2
235,20201207,97,1
235,20201208,0,3
235,20201209,-1,2
235,20201210,0,3
235,20201211,22,1
235,20201212,5,1
235,20201213,5,3
235,20201214,8,3
235,20201215,1,2
235,20201216,1,3
235,20201217,32,3
235,20201218,0,4
235,20201219,5,2
235,20201220,15,3
235,20201221,76,1
235,20201222,92,2
235,20201223,243,0
235,20201224,146,2
235,20201225,10,3
235,20201226,9,1
235,20201227,99,1
235,20201228,0,2
235,20201229,10,2
235,20201230,68,2
235,20201231,39,3
235,20210101,-1,3
235,20210102,3,3
235,20210103,-1,2
235,20210104,3,1
235,20210105,6,1
235,20210106,8,1
235,20210107,129,1
235,20210108,4,4
235,20210109,5,4
235,20210110,3,1
235,20210111,39,2
235,20210112,61,4
235,20210113,17,3
235,20210114,0,4
235,20210115,-1,1
235,20210116,9,1
235,20210117,32,3
235,20210118,8,3
235,20210119,114,2
235,20210120,5,2
235,20210121,45,5
235,20210122,5,6
235,20210123,26,3
235,20210124,2,4
235,20210125,32,5
235,20210126,5,5
235,20210127,13,2
235,20210128,58,2
235,20210129,133,2
235,20210130,0,4
235,20210131,0,6
235,20210201,-1,3
235,20210202,24,2
235,20210203,46,2
235,20210204,2,3
235,20210205,65,2
235,20210206,5,1
235,20210207,74,1
235,20210208,6,2
235,20210209,0,7
235,20210210,-1,5
235,20210211,0,8
235,20210212,0,8
235,20210213,0,8
235,20210214,0,6
235,20210215,72,1
235,20210216,59,5
235,20210217,5,6
235,20210218,36,6
235,20210219,1,9
235,20210220,-1,11
235,20210221,0,12
235,20210222,-1,9
235,20210223,0,8
235,20210224,0,10
235,20210225,-1,7
235,20210226,0,14
235,20210227,0,13
235,20210228,0,8
235,20210301,0,9
235,20210302,0,10
235,20210303,0,3
235,20210304,1,4
235,20210305,0,12
235,20210306,0,7
235,20210307,0,7
235,20210308,79,6
235,20210309,11,6
235,20210310,64,4
235,20210311,11,9
235,20210312,21,8
235,20210313,62,8
235,20210314,34,17
235,20210315,-1,11
235,20210316,40,7
235,20210317,2,9
235,20210318,4,8
235,20210319,0,20
235,20210320,-1,10
235,20210321,0,11
235,20210322,-1,15
235,20210323,0,17
235,20210324,0,20
235,20210325,2,14
235,20210326,50,22
235,20210327,2,17
235,20210328,11,8
235,20210329,-1,19
235,20210330,0,27
235,20210331,0,25
235,20210401,0,25
235,20210402,-1,11
235,20210403,0,14
235,20210404,0,12
235,20210405,11,17
235,20210406,10,17
235,20210407,48,18
235,20210408,-1,17
235,20210409,19,8
235,20210410,26,10
235,20210411,1,22
235,20210412,12,23
235,20210413,0,27
235,20210414,4,24
235,20210415,1,29
235,20210416,0,30
235,20210417,0,30
235,20210418,0,31
235,20210419,-1,32
235,20210420,0,30
235,20210421,0,27
235,20210422,0,23
235,20210423,0,28
235,20210424,0,29
235,20210425,-1,17
235,20210426,0,28
235,20210427,0,32
235,20210428,0,34
235,20210429,31,4
235,20210430,7,16
235,20210501,21,17
235,20210502,0,33
235,20210503,40,23
235,20210504,57,13
235,20210505,3,30
235,20210506,9,30
235,20210507,0,35
235,20210508,146,9
235,20210509,54,28
235,20210510,35,33
235,20210511,70,18
235,20210512,0,41
235,20210513,0,41
235,20210514,0,17
235,20210515,48,16
235,20210516,14,31
235,20210517,31,26
235,20210518,0,36
235,20210519,0,33
235,20210520,20,29
235,20210521,23,14
235,20210522,43,17
235,20210523,2,29
235,20210524,106,16
235,20210525,139,28
235,20210526,51,21
235,20210527,43,22
235,20210528,0,44
235,20210529,0,29
235,20210530,0,42
235,20210531,0,44
235,20210601,0,53
235,20210602,0,51
235,20210603,0,45
235,20210604,0,45
235,20210605,60,11
235,20210606,0,50
235,20210607,0,50
235,20210608,0,51
235,20210609,0,52
235,20210610,0,50
235,20210611,0,24
235,20210612,0,41
235,20210613,0,50
235,20210614,0,49
235,20210615,0,47
235,20210616,0,53
235,20210617,4,41
235,20210618,454,24
235,20210619,35,15
235,20210620,362,27
235,20210621,29,10
235,20210622,0,33
235,20210623,0,17
235,20210624,0,47
235,20210625,1,19
235,20210626,-1,34
235,20210627,19,48
235,20210628,2,29
235,20210629,242,7
235,20210630,52,8
235,20210701,-1,30
235,20210702,0,46
235,20210703,9,26
235,20210704,11,40
235,20210705,2,34
235,20210706,9,36
235,20210707,-1,47
235,20210708,0,50
235,20210709,0,30
235,20210710,0,30
235,20210711,-1,30
235,20210712,-1,32
235,20210713,0,12
235,20210714,0,22
235,20210715,0,26
235,20210716,0,39
235,20210717,0,51
235,20210718,0,49
235,20210719,0,42
235,20210720,0,48
235,20210721,0,41
235,20210722,0,46
235,20210723,0,15
235,20210724,-1,31
235,20210725,6,35
235,20210726,33,19
235,20210727,77,25
235,20210728,74,21
235,20210729,-1,44
235,20210730,76,20
235,20210731,76,30
235,20210801,-1,27
235,20210802,4,31
235,20210803,0,37
235,20210804,-1,34
235,20210805,4,31
235,20210806,82,24
235,20210807,107,23
235,20210808,93,35
235,20210809,162,17
235,20210810,10,34
235,20210811,0,38
235,20210812,-1,34
235,20210813,0,29
235,20210814,-1,34
235,20210815,2,37
235,20210816,7,24
235,20210817,20,10
235,20210818,-1,18
235,20210819,20,7
235,20210820,0,20
235,20210821,-1,23
235,20210822,236,8
235,20210823,0,38
235,20210824,0,38
235,20210825,5,20
235,20210826,1,19
235,20210827,23,25
235,20210828,-1,27
235,20210829,3,8
235,20210830,0,22
235,20210831,0,12
235,20210901,-1,10
235,20210902,0,12
235,20210903,0,19
235,20210904,0,26
235,20210905,0,33
235,20210906,0,22
235,20210907,0,30
235,20210908,0,34
235,20210909,0,30
235,20210910,0,15
235,20210911,4,10
235,20210912,0,23
235,20210913,1,17
235,20210914,16,23
235,20210915,-1,11
235,20210916,19,23
235,20210917,-1,18
235,20210918,0,20
235,20210919,0,20
235,20210920,0,25
235,20210921,0,20
235,20210922,0,25
235,20210923,-1,14
235,20210924,-1,19
235,20210925,-1,12
235,20210926,0,18
235,20210927,22,11
235,20210928,34,19
235,20210929,176,4
235,20210930,15,11
235,20211001,80,5
235,20211002,121,10
235,20211003,178,5
235,20211004,8,19
235,20211005,57,11
235,20211006,13,17
235,20211007,0,14
235,20211008,0,15
235,20211009,0,14
235,20211010,2,11
235,20211011,7,13
235,20211012,91,13
235,20211013,8,9
235,20211014,5,6
235,20211015,36,15
235,20211016,9,8
235,20211017,-1,6
235,20211018,3,8
235,20211019,4,7
235,20211020,102,6
235,20211021,374,6
235,20211022,33,7
235,20211023,1,6
235,20211024,0,13
235,20211025,101,6
235,20211026,6,8
235,20211027,-1,6
235,20211028,0,13
235,20211029,2,11
235,20211030,55,2
235,20211031,64,3
235,20211101,43,9
235,20211102,134,4
235,20211103,20,7
235,20211104,129,7
235,20211105,1,7
235,20211106,16,3
235,20211107,28,6
235,20211108,8,4
235,20211109,-1,2
235,20211110,5,2
235,20211111,29,4
235,20211112,37,5
235,20211113,37,5
235,20211114,-1,2
235,20211115,-1,1
235,20211116,-1,1
235,20211117,15,5
235,20211118,0,4
235,20211119,0,8
235,20211120,3,1
235,20211121,22,5
235,20211122,4,6
235,20211123,7,5
235,20211124,28,1
235,20211125,18,4
235,20211126,270,1
235,20211127,27,2
235,20211128,76,2
235,20211129,91,4
235,20211130,66,2
235,20211201,23,2
235,20211202,88,2
235,20211203,42,1
235,20211204,33,1
235,20211205,7,1
235,20211206,73,2
235,20211207,74,4
235,20211208,10,3
235,20211209,48,2
235,20211210,-1,1
235,20211211,3,4
235,20211212,56,2
235,20211213,-1,3
235,20211214,14,1
235,20211215,0,2
235,20211216,0,4
235,20211217,-1,1
235,20211218,-1,2
235,20211219,1,1
235,20211220,-1,2
235,20211221,0,4
235,20211222,0,3
235,20211223,74,1
235,20211224,11,1
235,20211225,0,3
235,20211226,-1,3
235,20211227,12,1
235,20211228,28,1
235,20211229,37,1
235,20211230,31,2
235,20211231,110,1
235,20220101,-1,3
235,20220102,179,4
235,20220103,-1,5
235,20220104,8,2
235,20220105,43,3
235,20220106,11,3
235,20220107,44,4
235,20220108,153,1
235,20220109,10,3
235,20220110,0,4
235,20220111,6,2
235,20220112,0,5
235,20220113,0,5
235,20220114,0,2
235,20220115,0,1
235,20220116,-1,2
235,20220117,0,4
235,20220118,0,3
235,20220119,9,2
235,20220120,14,4
235,20220121,2,3
235,20220122,9,1
235,20220123,-1,2
235,20220124,0,1
235,20220125,0,1
235,20220126,0,2
235,20220127,-1,5
235,20220128,1,7
235,20220129,-1,6
235,20220130,3,6
235,20220131,67,1
235,20220201,9,4
235,20220202,3,9
235,20220203,4,2
235,20220204,86,2
235,20220205,56,7
235,20220206,112,3
235,20220207,1,10
235,20220208,0,8
235,20220209,43,3
235,20220210,6,7
235,20220211,9,9
235,20220212,0,9
235,20220213,-1,7
235,20220214,10,8
235,20220215,69,6
235,20220216,48,4
235,20220217,-1,12
235,20220218,18,3
235,20220219,96,8
235,20220220,176,2
235,20220221,22,6
235,20220222,15,4
235,20220223,0,15
235,20220224,56,3
235,20220225,1,11
235,20220226,0,14
235,20220227,0,15
235,20220228,0,15
235,20220301,68,3
235,20220302,0,15
235,20220303,0,16
235,20220304,0,16
235,20220305,0,15
235,20220306,0,15
235,20220307,0,16
235,20220308,0,17
235,20220309,0,18
235,20220310,0,19
235,20220311,0,19
235,20220312,3,14
235,20220313,1,15
235,20220314,2,16
235,20220315,2,10
235,20220316,0,15
235,20220317,25,20
235,20220318,0,21
235,20220319,0,23
235,20220320,1,13
235,20220321,0,21
235,20220322,0,22
235,20220323,0,23
235,20220324,0,23
235,20220325,0,24
235,20220326,0,24
235,20220327,-1,25
235,20220328,-1,12
235,20220329,0,17
235,20220330,34,11
235,20220331,146,6
235,20220401,-1,19
235,20220402,3,23
235,20220403,10,18
235,20220404,105,4
235,20220405,13,9
235,20220406,12,14
235,20220407,87,15
235,20220408,1,22
235,20220409,9,19
235,20220410,2,29
235,20220411,0,27
235,20220412,0,25
235,20220413,0,20
235,20220414,0,31
235,20220415,0,16
235,20220416,0,29
235,20220417,0,36
235,20220418,0,34
235,20220419,0,35
235,20220420,0,35
235,20220421,0,35
235,20220422,0,37
235,20220423,0,36
235,20220424,0,36
235,20220425,-1,9
235,20220426,-1,34
235,20220427,0,22
235,20220428,0,18
235,20220429,0,16
235,20220430,-1,18
235,20220501,0,29
235,20220502,0,36
235,20220503,2,17
235,20220504,0,32
235,20220505,0,29
235,20220506,0,36
235,20220507,1,27
235,20220508,0,37
235,20220509,0,41
235,20220510,4,19
235,20220511,33,24
235,20220512,0,43
235,20220513,0,37
235,20220514,0,44
235,20220515,0,44
235,20220516,0,32
235,20220517,0,38
235,20220518,0,43
235,20220519,97,16
235,20220520,149,16
235,20220521,-1,36
235,20220522,0,42
235,20220523,71,17
235,20220524,5,36
235,20220525,12,29
235,20220526,51,34
235,20220527,0,42
235,20220528,-1,38
235,20220529,15,20
235,20220530,0,41
235,20220531,-1,25
235,20220601,18,41
235,20220602,0,47
235,20220603,0,50
235,20220604,0,40
235,20220605,196,12
235,20220606,189,8
235,20220607,1,23
235,20220608,33,15
235,20220609,0,51
235,20220610,1,35
235,20220611,0,52
235,20220612,0,49
235,20220613,-1,46
235,20220614,0,44
235,20220615,0,51
235,20220616,0,50
235,20220617,0,50
235,20220618,0,38
235,20220619,58,28
235,20220620,0,47
235,20220621,0,48
235,20220622,0,53
235,20220623,-1,52
235,20220624,175,30
235,20220625,99,33
235,20220626,21,44
235,20220627,55,15
235,20220628,4,53
235,20220629,0,48
235,20220630,77,38
235,20220701,0,46
235,20220702,0,47
235,20220703,0,43
235,20220704,0,50
235,20220705,-1,41
235,20220706,3,31
235,20220707,3,24
235,20220708,0,45
235,20220709,-1,38
235,20220710,-1,28
235,20220711,-1,37
235,20220712,0,37
235,20220713,0,49
235,20220714,0,40
235,20220715,-1,37
235,20220716,0,47
235,20220717,0,47
235,20220718,0,49
235,20220719,0,55
235,20220720,-1,43
235,20220721,82,8
235,20220722,-1,18
235,20220723,0,44
235,20220724,0,49
235,20220725,1,32
235,20220726,14,34
235,20220727,-1,36
235,20220728,0,38
235,20220729,0,45
235,20220730,-1,35
235,20220731,87,11
235,20220801,-1,45
235,20220802,-1,33
235,20220803,0,25
235,20220804,0,39
235,20220805,0,40
235,20220806,0,43
235,20220807,0,42
235,20220808,0,37
235,20220809,0,46
235,20220810,0,46
235,20220811,0,47
235,20220812,0,47
235,20220813,0,47
235,20220814,0,43
235,20220815,-1,28
235,20220816,0,36
235,20220817,370,6
235,20220818,20,39
235,20220819,0,31
235,20220820,0,39
235,20220821,0,38
235,20220822,0,37
235,20220823,0,31
235,20220824,0,35
235,20220825,0,38
235,20220826,6,20
235,20220827,0,32
235,20220828,0,28
235,20220829,0,28
235,20220830,0,38
235,20220831,0,38
235,20220901,0,37
235,20220902,0,33
235,20220903,0,36
235,20220904,0,26
235,20220905,-1,29
235,20220906,97,28
235,20220907,57,29
235,20220908,115,17
235,20220909,40,16
235,20220910,3,27
235,20220911,0,22
235,20220912,53,26
235,20220913,13,25
235,20220914,2,20
235,20220915,33,17
235,20220916,31,23
235,20220917,43,18
235,20220918,78,6
235,20220919,52,19
235,20220920,14,17
235,20220921,0,18
235,20220922,0,22
235,20220923,83,6
235,20220924,50,21
235,20220925,42,19
235,20220926,103,11
235,20220927,155,7
235,20220928,13,21
235,20220929,22,14
235,20220930,102,19
235,20221001,68,17
235,20221002,-1,22
235,20221003,-1,17
235,20221004,0,15
235,20221005,17,11
235,20221006,0,20
235,20221007,18,14
235,20221008,-1,17
235,20221009,0,18
235,20221010,9,9
235,20221011,0,17
235,20221012,1,14
235,20221013,61,7
235,20221014,13,5
235,20221015,19,9
235,20221016,36,15
235,20221017,15,5
235,20221018,0,16
235,20221019,0,14
235,20221020,14,5
235,20221021,-1,9
235,20221022,5,9
235,20221023,19,5
235,20221024,11,10
235,20221025,1,11
235,20221026,0,13
235,20221027,3,8
235,20221028,-1,8
235,20221029,-1,8
235,20221030,-1,9
235,20221031,-1,12
235,20221101,170,8
235,20221102,2,10
235,20221103,104,4
235,20221104,83,7
235,20221105,29,6
235,20221106,164,1
235,20221107,163,4
235,20221108,16,6
235,20221109,38,4
235,20221110,-1,3
235,20221111,0,2
235,20221112,0,5
235,20221113,0,8
235,20221114,0,7
235,20221115,24,6
235,20221116,68,8
235,20221117,393,2
235,20221118,8,3
235,20221119,0,6
235,20221120,68,2
235,20221121,37,2
235,20221122,17,2
235,20221123,21,5
235,20221124,72,6
235,20221125,7,5
235,20221126,0,5
235,20221127,80,1
235,20221128,21,3
235,20221129,-1,4
235,20221130,-1,3
235,20221201,1,5
235,20221202,0,4
235,20221203,0,2
235,20221204,0,1
235,20221205,1,2
235,20221206,28,3
235,20221207,18,3
235,20221208,20,3
235,20221209,0,4
235,20221210,20,2
235,20221211,0,3
235,20221212,0,4
235,20221213,0,4
235,20221214,5,5
235,20221215,18,3
235,20221216,0,4
235,20221217,0,4
235,20221218,8,1
235,20221219,38,1
235,20221220,14,1
235,20221221,5,4
235,20221222,13,4
235,20221223,120,1
235,20221224,-1,3
235,20221225,15,1
235,20221226,16,3
235,20221227,8,3
235,20221228,91,1
235,20221229,16,4
235,20221230,6,2
235,20221231,143,1
235,20230101,63,3
235,20230102,29,2
235,20230103,21,2
235,20230104,181,2
235,20230105,2,3
235,20230106,12,4
235,20230107,21,3
235,20230108,16,5
235,20230109,20,3
235,20230110,52,1
235,20230111,4,5
235,20230112,69,2
235,20230113,5,2
235,20230114,96,1
235,20230115,45,2
235,20230116,108,1
235,20230117,10,5
235,20230118,45,3
235,20230119,21,5
235,20230120,9,2
235,20230121,0,5
235,20230122,0,2
235,20230123,1,2
235,20230124,0,1
235,20230125,32,2
235,20230126,13,5
235,20230127,-1,3
235,20230128,0,5
235,20230129,2,3
235,20230130,6,7
235,20230131,-1,7
235,20230201,6,3
235,20230202,16,3
235,20230203,0,3
235,20230204,7,5
235,20230205,21,8
235,20230206,0,7
235,20230207,0,8
235,20230208,0,9
235,20230209,0,3
235,20230210,0,8
235,20230211,0,6
235,20230212,0,3
235,20230213,0,4
235,20230214,0,10
235,20230215,0,9
235,20230216,11,5
235,20230217,0,7
235,20230218,10,7
235,20230219,5,6
235,20230220,0,11
235,20230221,1,3
235,20230222,0,5
235,20230223,1,4
235,20230224,33,8
235,20230225,3,11
235,20230226,0,14
235,20230227,0,14
235,20230228,-1,8
235,20230301,0,14
235,20230302,0,9
235,20230303,0,8
235,20230304,19,8
235,20230305,8,12
235,20230306,74,9
235,20230307,22,7
235,20230308,-1,9
235,20230309,40,7
235,20230310,137,2
235,20230311,7,14
235,20230312,9,9
235,20230313,27,17
235,20230314,72,15
235,20230315,-1,18
235,20230316,11,7
235,20230317,3,11
235,20230318,35,17
235,20230319,0,6
235,20230320,16,6
235,20230321,35,10
235,20230322,28,5
235,20230323,92,23
235,20230324,17,25
235,20230325,22,14
235,20230326,4,14
235,20230327,10,21
235,20230328,27,10
235,20230329,14,8
235,20230330,-1,20
